Delivery_ID,Pickup_DateTime,Weekday,Hour,Package_Type,Distance,Delivery_Zone,Weather_Condition,Actual_Delivery_Time,Status
1,2025-03-10 11:36:13,Monday,11,Large,27.3,Industrial,Sunny,67.22,On-time
2,2025-04-20 18:49:22,Sunday,18,Large,49.85,Shopping Center,Rainy,89.69,On-time
3,2025-05-08 18:55:19,Thursday,18,Large,33.96,Urban,Sunny,66.18,On-time
4,2025-03-16 12:29:37,Sunday,12,Large,2.97,Suburban,Snowy,32.58,On-time
5,2025-04-30 01:37:16,Wednesday,1,Medium,36.24,Urban,Cloudy,79.96,On-time
6,2025-03-01 20:11:29,Saturday,20,Small,47.59,Shopping Center,Sunny,95.35,On-time
7,2025-04-13 08:42:40,Sunday,8,Medium,30.17,Industrial,Foggy,74.11,On-time
8,2025-04-23 04:09:34,Wednesday,4,X-Large,21.86,Shopping Center,Windy,49.86,On-time
9,2025-04-26 22:03:13,Saturday,22,Medium,19.92,Suburban,Sunny,48.34,On-time
10,2025-03-15 13:11:38,Saturday,13,Special,7.63,Rural,Sunny,37.29,On-time
11,2025-05-13 03:39:01,Tuesday,3,Large,40.8,Urban,Windy,75.1,On-time
12,2025-04-30 15:31:22,Wednesday,15,Medium,10.28,Shopping Center,Rainy,38.96,On-time
13,2025-05-14 09:11:51,Wednesday,9,Medium,11.33,Shopping Center,Sunny,46.03,On-time
14,2025-02-18 13:49:06,Tuesday,13,Small,1.12,Suburban,Rainy,31.5,On-time
15,2025-04-19 13:06:44,Saturday,13,Medium,49.48,Shopping Center,Rainy,95.31,On-time
16,2025-03-23 22:03:10,Sunday,22,Medium,5.74,Shopping Center,Sunny,37.92,On-time
17,2025-04-28 18:26:35,Monday,18,X-Large,4.03,Suburban,Rainy,33.36,On-time
18,2025-04-22 16:54:18,Tuesday,16,Small,32.86,Suburban,Cloudy,65.88,On-time
19,2025-03-02 00:28:53,Sunday,0,X-Large,38.01,Rural,Cloudy,84.1,On-time
20,2025-03-01 03:46:15,Saturday,3,Medium,28.77,Industrial,Cloudy,72.81,Delayed
21,2025-05-07 21:20:39,Wednesday,21,Medium,13.81,Industrial,Snowy,42.05,On-time
22,2025-05-08 23:05:10,Thursday,23,Medium,34.27,Shopping Center,Sunny,74.25,On-time
23,2025-02-16 13:45:22,Sunday,13,Medium,35.35,Suburban,Cloudy,69.46,On-time
24,2025-05-11 18:16:56,Sunday,18,Small,34.99,Rural,Sunny,68.41,On-time
25,2025-02-21 01:20:52,Friday,1,Special,37.03,Suburban,Rainy,73.72,On-time
26,2025-05-09 10:13:58,Friday,10,Medium,3.84,Rural,Cloudy,34.15,On-time
27,2025-03-06 06:46:58,Thursday,6,Medium,17.21,Industrial,Cloudy,52.01,On-time
28,2025-04-21 07:57:42,Monday,7,Small,26.13,Rural,Cloudy,59.31,On-time
29,2025-03-09 09:56:05,Sunday,9,Large,4.18,Suburban,Cloudy,34.66,On-time
30,2025-02-23 11:50:54,Sunday,11,X-Large,6.3,Shopping Center,Rainy,38.81,On-time
31,2025-04-27 06:38:50,Sunday,6,Special,32.51,Shopping Center,Sunny,65.48,On-time
32,2025-03-13 12:44:01,Thursday,12,Large,30.11,Suburban,Sunny,64.3,On-time
33,2025-05-05 00:45:42,Monday,0,X-Large,24.27,Industrial,Cloudy,51.1,On-time
34,2025-05-13 19:17:08,Tuesday,19,Large,45.62,Rural,Rainy,74.51,On-time
35,2025-03-05 13:03:42,Wednesday,13,Medium,39.57,Shopping Center,Cloudy,86.35,On-time
36,2025-04-17 10:47:17,Thursday,10,Large,48.08,Urban,Rainy,98.51,On-time
37,2025-03-11 11:45:20,Tuesday,11,Medium,15.62,Suburban,Cloudy,43.12,On-time
38,2025-05-02 15:56:40,Friday,15,X-Large,36.41,Industrial,Cloudy,69.59,On-time
39,2025-04-02 19:43:53,Wednesday,19,Special,22.3,Shopping Center,Windy,62.42,On-time
40,2025-02-28 03:57:33,Friday,3,Large,25.87,Industrial,Cloudy,50.93,On-time
41,2025-03-24 20:23:36,Monday,20,Medium,3.97,Urban,Sunny,33.22,On-time
42,2025-04-28 13:46:09,Monday,13,Medium,36.49,Industrial,Rainy,80.29,On-time
43,2025-05-11 04:13:22,Sunday,4,Small,26.97,Shopping Center,Rainy,58.94,On-time
44,2025-04-05 12:09:05,Saturday,12,Small,13.37,Industrial,Rainy,42.01,On-time
45,2025-04-23 11:37:19,Wednesday,11,X-Large,35.33,Urban,Sunny,69.92,On-time
46,2025-03-28 02:37:26,Friday,2,Medium,33.88,Industrial,Cloudy,70.9,On-time
47,2025-03-02 17:57:27,Sunday,17,Large,13.81,Shopping Center,Windy,48.68,On-time
48,2025-03-31 07:28:51,Monday,7,X-Large,18.61,Shopping Center,Rainy,54.57,On-time
49,2025-03-23 10:43:06,Sunday,10,Medium,33.27,Industrial,Rainy,60.27,On-time
50,2025-04-03 16:41:06,Thursday,16,Special,29.32,Suburban,Windy,61.31,On-time
51,2025-04-14 17:36:02,Monday,17,X-Large,36.09,Shopping Center,Rainy,71.18,On-time
52,2025-03-01 19:36:52,Saturday,19,Medium,2.8,Shopping Center,Sunny,33.42,On-time
53,2025-05-06 03:18:36,Tuesday,3,X-Large,13.55,Urban,Cloudy,43.24,On-time
54,2025-04-30 22:26:53,Wednesday,22,Small,39.78,Suburban,Cloudy,66.62,On-time
55,2025-04-04 02:14:18,Friday,2,Large,17.74,Industrial,Cloudy,50.79,On-time
56,2025-04-25 14:52:18,Friday,14,X-Large,3.96,Suburban,Sunny,35.07,On-time
57,2025-04-04 19:22:43,Friday,19,Medium,24.89,Shopping Center,Cloudy,58.26,On-time
58,2025-05-14 18:27:35,Wednesday,18,Medium,12.04,Shopping Center,Cloudy,40.19,On-time
59,2025-03-07 04:35:26,Friday,4,Medium,46.28,Rural,Foggy,98.06,On-time
60,2025-03-20 16:45:28,Thursday,16,X-Large,20.84,Suburban,Rainy,56.92,On-time
61,2025-02-22 06:31:00,Saturday,6,Special,5.55,Industrial,Sunny,37.9,On-time
62,2025-03-10 10:50:45,Monday,10,X-Large,7.51,Suburban,Sunny,37.6,On-time
63,2025-02-21 16:12:22,Friday,16,Special,31.08,Shopping Center,Windy,70.09,On-time
64,2025-05-13 11:46:31,Tuesday,11,Large,27.43,Shopping Center,Windy,67.37,On-time
65,2025-02-15 22:03:18,Saturday,22,Medium,48.21,Rural,Sunny,79.67,On-time
66,2025-05-06 22:02:24,Tuesday,22,X-Large,28.44,Shopping Center,Rainy,68.65,On-time
67,2025-04-29 01:50:43,Tuesday,1,X-Large,6.84,Suburban,Rainy,38.0,On-time
68,2025-03-26 08:34:53,Wednesday,8,Small,17.76,Urban,Cloudy,50.11,On-time
69,2025-02-25 21:51:26,Tuesday,21,Large,3.8,Rural,Sunny,35.41,On-time
70,2025-05-04 22:28:12,Sunday,22,Medium,17.26,Urban,Windy,50.25,On-time
71,2025-05-02 09:04:25,Friday,9,X-Large,25.02,Suburban,Cloudy,66.94,On-time
72,2025-02-24 01:59:57,Monday,1,Small,8.03,Shopping Center,Sunny,40.18,On-time
73,2025-04-27 21:53:48,Sunday,21,Medium,12.72,Urban,Sunny,48.15,On-time
74,2025-04-24 18:26:11,Thursday,18,Medium,35.22,Suburban,Sunny,63.43,On-time
75,2025-05-11 04:19:21,Sunday,4,X-Large,42.51,Industrial,Rainy,79.37,On-time
76,2025-03-20 15:25:27,Thursday,15,Large,19.69,Industrial,Sunny,51.92,On-time
77,2025-04-12 04:43:16,Saturday,4,X-Large,21.6,Industrial,Cloudy,51.95,On-time
78,2025-04-04 05:03:50,Friday,5,Large,19.85,Industrial,Windy,46.5,On-time
79,2025-02-22 03:23:03,Saturday,3,X-Large,25.91,Industrial,Sunny,59.19,On-time
80,2025-04-11 02:28:22,Friday,2,Medium,49.37,Suburban,Windy,89.48,On-time
81,2025-02-21 12:33:53,Friday,12,Large,15.98,Rural,Windy,47.48,On-time
82,2025-04-16 14:49:32,Wednesday,14,Large,12.4,Suburban,Sunny,47.13,On-time
83,2025-02-21 20:12:10,Friday,20,Small,6.27,Shopping Center,Cloudy,39.3,On-time
84,2025-05-03 15:25:47,Saturday,15,Medium,42.34,Shopping Center,Sunny,82.19,On-time
85,2025-05-03 07:38:10,Saturday,7,Medium,31.39,Urban,Sunny,65.94,On-time
86,2025-03-09 11:24:48,Sunday,11,Large,49.16,Industrial,Cloudy,80.77,On-time
87,2025-04-09 22:08:55,Wednesday,22,Small,11.05,Shopping Center,Windy,46.06,On-time
88,2025-04-24 01:01:11,Thursday,1,Medium,29.74,Shopping Center,Sunny,55.16,On-time
89,2025-04-11 16:16:40,Friday,16,Small,33.19,Shopping Center,Sunny,63.12,On-time
90,2025-04-22 03:13:15,Tuesday,3,X-Large,33.87,Rural,Cloudy,73.58,On-time
91,2025-02-19 01:09:20,Wednesday,1,Small,23.14,Shopping Center,Sunny,55.39,On-time
92,2025-05-12 21:30:44,Monday,21,Special,18.33,Shopping Center,Cloudy,46.99,On-time
93,2025-04-02 10:55:38,Wednesday,10,Large,33.23,Urban,Cloudy,68.2,On-time
94,2025-05-14 06:19:09,Wednesday,6,Medium,4.61,Urban,Sunny,35.08,On-time
95,2025-05-06 13:15:55,Tuesday,13,Small,49.12,Industrial,Windy,70.73,On-time
96,2025-03-28 11:25:06,Friday,11,X-Large,36.08,Suburban,Rainy,60.3,On-time
97,2025-04-24 05:45:08,Thursday,5,Small,43.82,Suburban,Sunny,74.47,On-time
98,2025-03-11 12:01:33,Tuesday,12,Small,40.24,Suburban,Cloudy,88.68,Delayed
99,2025-03-21 06:40:04,Friday,6,Special,9.83,Industrial,Cloudy,44.45,On-time
100,2025-04-08 10:17:17,Tuesday,10,Medium,28.79,Industrial,Cloudy,72.54,Delayed
101,2025-03-01 20:49:56,Saturday,20,X-Large,21.38,Urban,Sunny,51.5,On-time
102,2025-03-10 07:20:09,Monday,7,X-Large,41.95,Urban,Sunny,88.5,On-time
103,2025-04-18 13:53:40,Friday,13,Small,7.36,Urban,Sunny,36.09,On-time
104,2025-03-22 17:17:23,Saturday,17,X-Large,3.8,Shopping Center,Cloudy,33.9,On-time
105,2025-03-13 12:24:17,Thursday,12,Small,10.05,Suburban,Sunny,44.03,On-time
106,2025-03-09 22:39:01,Sunday,22,Medium,13.45,Shopping Center,Rainy,49.62,On-time
107,2025-04-14 06:35:56,Monday,6,Large,17.72,Shopping Center,Sunny,49.37,On-time
108,2025-04-27 15:43:55,Sunday,15,Small,18.14,Rural,Snowy,54.48,On-time
109,2025-05-03 20:47:35,Saturday,20,X-Large,17.1,Shopping Center,Sunny,45.28,On-time
110,2025-04-14 14:34:48,Monday,14,Large,24.39,Rural,Rainy,63.56,On-time
111,2025-04-25 14:18:49,Friday,14,Medium,29.44,Industrial,Sunny,66.11,On-time
112,2025-04-07 16:08:00,Monday,16,Small,3.61,Suburban,Sunny,34.55,On-time
113,2025-04-07 18:21:45,Monday,18,X-Large,31.41,Industrial,Sunny,69.75,On-time
114,2025-05-13 01:42:03,Tuesday,1,Medium,24.29,Suburban,Windy,61.12,On-time
115,2025-02-15 01:31:39,Saturday,1,X-Large,29.11,Shopping Center,Rainy,71.75,On-time
116,2025-02-17 13:45:29,Monday,13,Small,48.76,Industrial,Rainy,90.62,Delayed
117,2025-02-17 22:38:33,Monday,22,X-Large,29.74,Urban,Rainy,65.35,On-time
118,2025-03-12 01:03:33,Wednesday,1,Small,45.26,Industrial,Snowy,75.4,On-time
119,2025-04-05 19:54:26,Saturday,19,Special,17.03,Shopping Center,Sunny,54.15,On-time
120,2025-03-31 02:40:36,Monday,2,Small,14.2,Urban,Rainy,46.13,On-time
121,2025-03-19 16:42:25,Wednesday,16,X-Large,27.76,Industrial,Windy,63.51,On-time
122,2025-05-01 06:50:03,Thursday,6,X-Large,21.34,Industrial,Cloudy,48.97,On-time
123,2025-04-14 11:49:23,Monday,11,Medium,31.79,Suburban,Rainy,73.07,On-time
124,2025-02-16 06:56:40,Sunday,6,Medium,33.66,Shopping Center,Foggy,73.68,On-time
125,2025-04-09 22:10:57,Wednesday,22,Large,36.55,Urban,Windy,65.68,On-time
126,2025-03-17 18:55:54,Monday,18,Small,28.93,Shopping Center,Foggy,72.19,On-time
127,2025-05-07 07:01:43,Wednesday,7,X-Large,46.89,Urban,Cloudy,72.08,On-time
128,2025-02-25 06:31:22,Tuesday,6,Medium,15.64,Shopping Center,Sunny,52.56,On-time
129,2025-05-08 18:09:54,Thursday,18,Medium,16.1,Urban,Sunny,51.0,On-time
130,2025-04-10 14:32:18,Thursday,14,Medium,7.31,Shopping Center,Sunny,39.56,On-time
131,2025-05-01 21:37:45,Thursday,21,Large,44.79,Urban,Windy,85.57,On-time
132,2025-04-20 01:08:02,Sunday,1,Medium,14.97,Suburban,Windy,51.34,On-time
133,2025-03-03 02:53:41,Monday,2,Large,16.93,Rural,Sunny,46.09,On-time
134,2025-05-01 19:18:35,Thursday,19,Large,41.88,Industrial,Sunny,87.64,On-time
135,2025-03-29 04:18:15,Saturday,4,Medium,47.31,Rural,Rainy,87.15,On-time
136,2025-04-08 23:07:26,Tuesday,23,Medium,37.22,Urban,Cloudy,73.09,On-time
137,2025-04-30 00:04:34,Wednesday,0,Small,8.78,Urban,Sunny,41.08,On-time
138,2025-04-04 04:10:23,Friday,4,Medium,14.06,Suburban,Windy,42.66,On-time
139,2025-04-19 19:03:12,Saturday,19,Medium,7.41,Industrial,Sunny,40.55,On-time
140,2025-03-01 20:39:39,Saturday,20,Medium,36.37,Urban,Sunny,67.37,On-time
141,2025-04-29 07:13:30,Tuesday,7,X-Large,34.17,Industrial,Windy,77.52,On-time
142,2025-03-12 11:39:20,Wednesday,11,Small,19.88,Suburban,Cloudy,46.15,On-time
143,2025-04-16 06:21:18,Wednesday,6,Small,11.3,Rural,Sunny,39.26,On-time
144,2025-04-13 04:39:26,Sunday,4,Medium,1.15,Urban,Sunny,31.46,On-time
145,2025-02-21 19:17:40,Friday,19,Medium,41.53,Industrial,Sunny,83.81,Delayed
146,2025-02-20 10:30:36,Thursday,10,Small,48.71,Suburban,Rainy,95.96,On-time
147,2025-04-15 02:21:40,Tuesday,2,Large,44.01,Urban,Cloudy,70.9,On-time
148,2025-05-02 05:37:21,Friday,5,X-Large,5.78,Rural,Cloudy,38.06,On-time
149,2025-05-14 05:53:12,Wednesday,5,Large,1.33,Shopping Center,Sunny,31.97,On-time
150,2025-02-16 16:38:35,Sunday,16,Medium,5.12,Urban,Rainy,34.52,On-time
151,2025-04-20 05:03:23,Sunday,5,Medium,47.8,Industrial,Foggy,82.35,On-time
152,2025-05-04 00:47:25,Sunday,0,Special,46.58,Shopping Center,Rainy,84.07,On-time
153,2025-02-15 02:34:04,Saturday,2,X-Large,48.7,Urban,Rainy,75.75,On-time
154,2025-05-12 15:53:43,Monday,15,X-Large,28.33,Urban,Cloudy,70.43,On-time
155,2025-02-24 09:16:07,Monday,9,Medium,35.91,Suburban,Cloudy,79.42,On-time
156,2025-02-19 17:41:37,Wednesday,17,X-Large,19.3,Industrial,Cloudy,51.5,On-time
157,2025-02-20 12:26:05,Thursday,12,Large,15.9,Urban,Rainy,52.65,On-time
158,2025-04-06 07:42:01,Sunday,7,Large,13.47,Shopping Center,Cloudy,41.3,On-time
159,2025-04-28 07:56:28,Monday,7,Small,36.37,Suburban,Cloudy,69.94,On-time
160,2025-03-08 06:48:29,Saturday,6,Special,44.35,Urban,Rainy,80.58,On-time
161,2025-03-19 10:57:18,Wednesday,10,Small,31.49,Rural,Windy,71.27,On-time
162,2025-03-28 18:52:21,Friday,18,X-Large,20.05,Urban,Sunny,52.74,On-time
163,2025-02-27 01:14:37,Thursday,1,Medium,2.56,Rural,Windy,32.92,On-time
164,2025-02-15 02:07:28,Saturday,2,X-Large,17.4,Rural,Rainy,55.67,On-time
165,2025-03-20 10:16:42,Thursday,10,Small,44.45,Industrial,Cloudy,77.96,Delayed
166,2025-02-26 00:36:49,Wednesday,0,Special,41.9,Urban,Foggy,72.88,On-time
167,2025-04-06 19:13:26,Sunday,19,Medium,24.83,Suburban,Rainy,53.24,On-time
168,2025-03-21 18:27:57,Friday,18,Special,7.3,Rural,Cloudy,36.16,On-time
169,2025-03-18 00:57:19,Tuesday,0,Medium,35.3,Urban,Rainy,75.81,On-time
170,2025-04-05 19:33:09,Saturday,19,Large,25.66,Shopping Center,Sunny,52.33,On-time
171,2025-05-07 11:02:30,Wednesday,11,Small,19.8,Rural,Sunny,47.5,On-time
172,2025-03-07 17:09:01,Friday,17,Medium,25.72,Industrial,Cloudy,54.57,On-time
173,2025-03-27 03:39:58,Thursday,3,Small,37.19,Urban,Windy,67.94,On-time
174,2025-04-19 07:48:20,Saturday,7,Small,33.14,Industrial,Rainy,65.04,On-time
175,2025-05-04 07:50:12,Sunday,7,Small,19.48,Industrial,Sunny,50.09,Delayed
176,2025-03-21 05:57:27,Friday,5,Small,46.32,Rural,Cloudy,67.38,On-time
177,2025-03-16 03:40:15,Sunday,3,Medium,3.1,Urban,Rainy,34.3,On-time
178,2025-04-11 03:19:47,Friday,3,Small,48.06,Industrial,Sunny,98.93,Delayed
179,2025-02-20 00:48:46,Thursday,0,Large,23.74,Urban,Cloudy,60.2,On-time
180,2025-05-02 03:56:04,Friday,3,Medium,10.59,Urban,Windy,41.31,On-time
181,2025-03-07 11:22:58,Friday,11,X-Large,33.77,Shopping Center,Sunny,62.04,On-time
182,2025-04-14 19:31:40,Monday,19,Medium,21.68,Shopping Center,Windy,53.86,On-time
183,2025-03-23 08:14:56,Sunday,8,Large,14.12,Industrial,Sunny,48.56,On-time
184,2025-05-06 00:48:25,Tuesday,0,Small,20.33,Shopping Center,Rainy,46.91,On-time
185,2025-02-24 13:07:36,Monday,13,Small,38.91,Rural,Rainy,65.65,On-time
186,2025-04-17 16:47:45,Thursday,16,Special,40.52,Suburban,Sunny,89.11,On-time
187,2025-03-07 21:01:53,Friday,21,Large,1.94,Suburban,Cloudy,32.66,On-time
188,2025-03-16 10:38:20,Sunday,10,Large,31.26,Rural,Snowy,56.57,On-time
189,2025-03-26 19:58:48,Wednesday,19,Large,33.18,Suburban,Rainy,57.23,On-time
190,2025-03-24 18:14:00,Monday,18,Small,28.19,Rural,Sunny,69.73,On-time
191,2025-04-03 15:18:09,Thursday,15,Medium,29.34,Urban,Windy,59.26,On-time
192,2025-04-02 20:35:23,Wednesday,20,Special,17.7,Shopping Center,Windy,51.37,On-time
193,2025-04-03 23:08:11,Thursday,23,Small,5.52,Shopping Center,Sunny,35.62,On-time
194,2025-04-22 20:33:58,Tuesday,20,Large,34.37,Industrial,Cloudy,74.77,On-time
195,2025-03-18 11:33:00,Tuesday,11,X-Large,26.67,Industrial,Sunny,65.17,On-time
196,2025-03-15 19:32:03,Saturday,19,Large,35.22,Suburban,Cloudy,75.67,On-time
197,2025-03-14 05:49:54,Friday,5,Special,9.45,Industrial,Snowy,44.05,On-time
198,2025-03-22 09:26:35,Saturday,9,X-Large,19.27,Urban,Cloudy,48.8,On-time
199,2025-04-21 03:01:37,Monday,3,Medium,34.92,Urban,Rainy,62.93,On-time
200,2025-03-06 01:07:28,Thursday,1,Medium,12.49,Urban,Rainy,44.86,On-time
201,2025-02-21 09:38:50,Friday,9,Special,6.75,Suburban,Foggy,36.31,On-time
202,2025-03-12 09:23:07,Wednesday,9,Special,1.19,Rural,Cloudy,31.08,On-time
203,2025-04-21 22:55:04,Monday,22,Medium,43.32,Shopping Center,Rainy,79.84,On-time
204,2025-04-21 23:50:18,Monday,23,Small,46.32,Suburban,Rainy,80.44,On-time
205,2025-03-03 00:14:03,Monday,0,Large,48.82,Industrial,Sunny,98.41,On-time
206,2025-04-21 06:44:49,Monday,6,Special,14.16,Shopping Center,Cloudy,44.59,On-time
207,2025-05-11 04:15:59,Sunday,4,Medium,24.34,Shopping Center,Rainy,61.58,On-time
208,2025-02-19 04:12:54,Wednesday,4,Large,44.16,Rural,Sunny,70.25,On-time
209,2025-05-03 10:00:00,Saturday,10,X-Large,9.17,Suburban,Rainy,43.29,On-time
210,2025-04-04 07:56:39,Friday,7,X-Large,15.53,Suburban,Windy,49.9,On-time
211,2025-04-01 06:28:29,Tuesday,6,Medium,16.63,Rural,Rainy,49.93,On-time
212,2025-04-08 07:19:18,Tuesday,7,Small,12.77,Shopping Center,Windy,42.51,On-time
213,2025-02-16 22:46:02,Sunday,22,Medium,44.91,Suburban,Sunny,67.55,On-time
214,2025-04-15 12:04:50,Tuesday,12,Large,12.07,Rural,Cloudy,45.15,On-time
215,2025-04-13 06:14:12,Sunday,6,Medium,8.6,Shopping Center,Sunny,39.33,On-time
216,2025-02-28 01:02:40,Friday,1,Large,10.41,Suburban,Cloudy,41.28,On-time
217,2025-05-09 06:23:15,Friday,6,Large,1.87,Suburban,Cloudy,31.95,On-time
218,2025-03-25 09:08:15,Tuesday,9,Medium,38.67,Industrial,Sunny,79.54,Delayed
219,2025-03-17 17:00:36,Monday,17,Medium,41.84,Shopping Center,Rainy,87.37,On-time
220,2025-02-17 06:32:26,Monday,6,Large,11.33,Industrial,Sunny,42.93,On-time
221,2025-03-31 19:03:14,Monday,19,X-Large,48.54,Urban,Cloudy,102.51,On-time
222,2025-03-02 02:07:52,Sunday,2,Large,25.14,Rural,Cloudy,51.94,On-time
223,2025-04-18 20:35:57,Friday,20,Medium,27.14,Urban,Rainy,57.7,On-time
224,2025-05-06 12:30:02,Tuesday,12,Special,17.0,Urban,Rainy,54.81,On-time
225,2025-04-01 22:30:20,Tuesday,22,X-Large,48.94,Urban,Rainy,80.51,On-time
226,2025-03-24 08:34:15,Monday,8,Large,18.03,Industrial,Rainy,50.61,On-time
227,2025-03-06 13:58:35,Thursday,13,X-Large,33.23,Industrial,Sunny,73.86,On-time
228,2025-03-28 10:23:23,Friday,10,Small,37.63,Suburban,Rainy,73.53,On-time
229,2025-05-03 16:19:44,Saturday,16,Medium,19.86,Rural,Sunny,56.88,On-time
230,2025-03-23 12:04:59,Sunday,12,X-Large,12.64,Rural,Rainy,45.22,On-time
231,2025-03-09 14:13:29,Sunday,14,Small,13.0,Urban,Windy,44.65,On-time
232,2025-04-12 22:13:19,Saturday,22,Large,13.41,Suburban,Sunny,47.59,On-time
233,2025-03-02 09:16:08,Sunday,9,X-Large,19.89,Industrial,Rainy,47.03,On-time
234,2025-05-05 13:40:35,Monday,13,Medium,23.38,Urban,Cloudy,49.25,On-time
235,2025-03-04 03:47:15,Tuesday,3,Small,46.17,Shopping Center,Sunny,71.11,On-time
236,2025-05-13 03:53:12,Tuesday,3,Small,19.0,Rural,Windy,46.99,On-time
237,2025-04-17 08:13:13,Thursday,8,Large,47.8,Urban,Rainy,86.82,On-time
238,2025-05-04 07:48:54,Sunday,7,Medium,37.47,Shopping Center,Sunny,62.94,On-time
239,2025-03-23 21:25:21,Sunday,21,X-Large,13.83,Suburban,Sunny,50.25,On-time
240,2025-02-23 04:09:11,Sunday,4,X-Large,41.76,Suburban,Sunny,70.95,On-time
241,2025-04-23 22:28:25,Wednesday,22,Special,30.3,Rural,Sunny,67.38,On-time
242,2025-03-03 10:42:22,Monday,10,Medium,11.78,Industrial,Rainy,45.54,On-time
243,2025-04-30 21:10:11,Wednesday,21,Small,36.85,Industrial,Cloudy,82.44,Delayed
244,2025-04-22 18:25:15,Tuesday,18,Special,11.33,Industrial,Cloudy,44.54,On-time
245,2025-02-24 18:36:22,Monday,18,Medium,27.17,Suburban,Cloudy,68.88,On-time
246,2025-04-21 04:30:12,Monday,4,Small,37.3,Shopping Center,Rainy,64.45,On-time
247,2025-03-28 20:09:13,Friday,20,Small,48.11,Shopping Center,Sunny,94.99,On-time
248,2025-04-09 18:20:57,Wednesday,18,Small,33.93,Industrial,Cloudy,73.15,Delayed
249,2025-03-14 06:12:14,Friday,6,X-Large,20.82,Urban,Snowy,56.22,On-time
250,2025-04-30 10:51:41,Wednesday,10,Special,7.76,Industrial,Cloudy,37.77,On-time
251,2025-03-12 17:48:29,Wednesday,17,Large,9.14,Industrial,Rainy,40.55,On-time
252,2025-04-16 03:43:54,Wednesday,3,Small,8.94,Shopping Center,Cloudy,37.27,On-time
253,2025-04-12 14:04:27,Saturday,14,Large,42.5,Suburban,Sunny,89.7,On-time
254,2025-04-16 10:20:23,Wednesday,10,Medium,43.22,Rural,Foggy,73.82,On-time
255,2025-02-14 20:00:48,Friday,20,Medium,49.29,Shopping Center,Cloudy,98.68,On-time
256,2025-03-31 07:55:27,Monday,7,Medium,1.75,Shopping Center,Rainy,32.08,On-time
257,2025-03-17 04:17:56,Monday,4,Small,14.44,Industrial,Sunny,42.12,On-time
258,2025-04-16 00:53:06,Wednesday,0,Large,36.31,Industrial,Cloudy,83.36,On-time
259,2025-03-18 08:50:55,Tuesday,8,X-Large,45.72,Suburban,Rainy,90.64,On-time
260,2025-02-15 11:01:24,Saturday,11,Medium,30.29,Suburban,Rainy,64.72,On-time
261,2025-04-05 16:09:46,Saturday,16,X-Large,5.15,Urban,Windy,34.33,On-time
262,2025-04-08 09:10:13,Tuesday,9,Small,11.59,Suburban,Cloudy,43.51,On-time
263,2025-02-27 08:52:35,Thursday,8,Medium,24.36,Rural,Cloudy,54.98,On-time
264,2025-05-10 00:04:25,Saturday,0,Medium,38.56,Suburban,Cloudy,65.74,On-time
265,2025-04-12 03:31:22,Saturday,3,Medium,44.12,Industrial,Cloudy,96.16,Delayed
266,2025-05-01 05:25:57,Thursday,5,Medium,42.1,Shopping Center,Cloudy,70.81,On-time
267,2025-02-27 20:03:18,Thursday,20,Medium,7.01,Urban,Cloudy,38.74,On-time
268,2025-04-25 18:47:05,Friday,18,Small,42.99,Shopping Center,Windy,68.46,On-time
269,2025-03-27 16:27:45,Thursday,16,Medium,28.26,Rural,Sunny,62.25,On-time
270,2025-03-16 05:02:19,Sunday,5,X-Large,22.38,Industrial,Rainy,56.88,On-time
271,2025-05-03 01:59:53,Saturday,1,Small,39.39,Shopping Center,Rainy,64.42,On-time
272,2025-04-12 00:58:43,Saturday,0,Medium,19.64,Suburban,Sunny,51.34,On-time
273,2025-02-24 08:45:22,Monday,8,Small,17.9,Industrial,Cloudy,53.54,Delayed
274,2025-05-08 06:28:17,Thursday,6,Small,22.48,Rural,Sunny,60.22,On-time
275,2025-05-07 22:21:18,Wednesday,22,Medium,45.95,Industrial,Snowy,78.61,On-time
276,2025-04-25 16:45:17,Friday,16,Medium,28.12,Suburban,Cloudy,64.24,On-time
277,2025-04-26 01:43:40,Saturday,1,Large,22.23,Shopping Center,Windy,48.78,On-time
278,2025-05-05 14:33:15,Monday,14,Large,1.79,Urban,Cloudy,32.54,On-time
279,2025-03-10 22:23:16,Monday,22,Small,23.41,Rural,Snowy,60.28,On-time
280,2025-03-21 02:07:15,Friday,2,Large,47.71,Urban,Cloudy,84.06,On-time
281,2025-04-02 01:35:06,Wednesday,1,X-Large,15.62,Urban,Sunny,48.97,On-time
282,2025-04-30 09:03:14,Wednesday,9,Large,9.44,Industrial,Cloudy,40.95,On-time
283,2025-03-21 17:22:46,Friday,17,Large,20.5,Rural,Cloudy,49.61,On-time
284,2025-04-09 07:54:49,Wednesday,7,Large,20.69,Urban,Rainy,59.94,On-time
285,2025-02-18 23:47:02,Tuesday,23,Medium,3.72,Suburban,Cloudy,34.54,On-time
286,2025-03-13 18:48:10,Thursday,18,Large,29.85,Urban,Rainy,68.33,On-time
287,2025-04-27 17:35:37,Sunday,17,X-Large,14.29,Shopping Center,Sunny,47.19,On-time
288,2025-04-10 22:00:29,Thursday,22,Medium,41.77,Shopping Center,Rainy,80.53,On-time
289,2025-05-14 16:42:09,Wednesday,16,X-Large,47.49,Suburban,Sunny,87.22,On-time
290,2025-04-29 17:44:04,Tuesday,17,Medium,16.11,Suburban,Sunny,47.18,On-time
291,2025-04-07 00:22:00,Monday,0,Medium,43.47,Urban,Sunny,82.53,On-time
292,2025-03-29 17:38:02,Saturday,17,Large,22.67,Industrial,Cloudy,62.32,On-time
293,2025-02-19 04:58:29,Wednesday,4,Medium,11.72,Rural,Sunny,40.59,On-time
294,2025-05-09 22:55:51,Friday,22,Small,36.93,Shopping Center,Sunny,80.35,On-time
295,2025-03-14 11:25:55,Friday,11,Medium,17.56,Rural,Cloudy,47.12,On-time
296,2025-04-02 00:25:52,Wednesday,0,Small,32.24,Suburban,Rainy,61.01,On-time
297,2025-03-15 21:41:49,Saturday,21,Medium,12.99,Industrial,Rainy,43.91,On-time
298,2025-05-04 18:53:48,Sunday,18,X-Large,10.52,Industrial,Snowy,44.65,On-time
299,2025-04-03 12:43:02,Thursday,12,Medium,12.25,Urban,Rainy,48.31,On-time
300,2025-03-28 05:20:15,Friday,5,Medium,22.34,Urban,Snowy,51.01,On-time
301,2025-02-26 04:45:25,Wednesday,4,Small,9.47,Urban,Foggy,40.16,On-time
302,2025-04-19 13:24:55,Saturday,13,Medium,1.91,Suburban,Rainy,32.48,On-time
303,2025-05-14 18:54:51,Wednesday,18,Large,30.43,Suburban,Cloudy,64.38,On-time
304,2025-04-26 20:51:03,Saturday,20,Large,29.77,Suburban,Cloudy,67.73,On-time
305,2025-05-06 07:30:14,Tuesday,7,X-Large,29.36,Suburban,Cloudy,60.2,On-time
306,2025-04-07 19:08:21,Monday,19,Small,46.92,Industrial,Sunny,91.7,Delayed
307,2025-04-26 02:32:50,Saturday,2,Medium,30.48,Suburban,Rainy,74.14,On-time
308,2025-02-20 12:53:31,Thursday,12,Medium,8.02,Suburban,Rainy,36.48,On-time
309,2025-03-25 17:26:12,Tuesday,17,Medium,48.19,Industrial,Windy,87.3,On-time
310,2025-04-29 20:12:49,Tuesday,20,Medium,49.96,Suburban,Sunny,86.39,On-time
311,2025-03-02 18:04:09,Sunday,18,Medium,13.24,Rural,Rainy,43.84,On-time
312,2025-05-10 15:59:58,Saturday,15,Special,39.04,Urban,Sunny,83.95,On-time
313,2025-03-02 06:15:27,Sunday,6,Small,19.38,Shopping Center,Windy,55.51,On-time
314,2025-05-13 16:08:44,Tuesday,16,Special,46.77,Shopping Center,Sunny,78.73,On-time
315,2025-05-11 07:03:09,Sunday,7,Medium,11.48,Suburban,Sunny,45.65,On-time
316,2025-02-15 03:47:02,Saturday,3,Medium,47.58,Shopping Center,Foggy,78.92,On-time
317,2025-05-01 01:32:52,Thursday,1,Large,43.13,Suburban,Foggy,84.95,On-time
318,2025-03-29 07:21:29,Saturday,7,Large,20.96,Industrial,Sunny,51.43,On-time
319,2025-04-16 03:34:29,Wednesday,3,Medium,32.29,Rural,Cloudy,60.97,On-time
320,2025-04-01 15:16:28,Tuesday,15,Large,44.58,Rural,Sunny,68.03,On-time
321,2025-02-20 10:13:34,Thursday,10,Large,30.12,Urban,Rainy,59.85,On-time
322,2025-03-20 16:44:37,Thursday,16,Small,35.12,Shopping Center,Rainy,67.36,On-time
323,2025-02-15 01:06:43,Saturday,1,Large,42.23,Urban,Rainy,84.01,On-time
324,2025-04-22 12:03:38,Tuesday,12,Special,42.35,Suburban,Sunny,68.68,On-time
325,2025-05-14 12:37:39,Wednesday,12,Large,2.07,Rural,Sunny,32.72,On-time
326,2025-04-05 23:43:55,Saturday,23,Small,13.99,Urban,Sunny,46.35,On-time
327,2025-05-12 13:15:48,Monday,13,X-Large,23.95,Urban,Cloudy,62.11,On-time
328,2025-03-19 10:14:12,Wednesday,10,X-Large,28.78,Rural,Windy,61.41,On-time
329,2025-03-13 04:45:10,Thursday,4,Small,22.76,Urban,Rainy,51.86,On-time
330,2025-02-16 07:39:24,Sunday,7,Large,38.99,Rural,Foggy,86.15,On-time
331,2025-03-13 09:41:43,Thursday,9,Large,21.42,Urban,Sunny,49.91,On-time
332,2025-04-23 19:45:03,Wednesday,19,Small,2.79,Shopping Center,Sunny,33.66,On-time
333,2025-03-27 14:16:27,Thursday,14,Small,39.52,Suburban,Sunny,86.46,Delayed
334,2025-05-06 00:43:17,Tuesday,0,Small,20.77,Rural,Rainy,53.59,On-time
335,2025-03-10 08:14:34,Monday,8,X-Large,5.07,Rural,Sunny,37.5,On-time
336,2025-05-04 03:58:20,Sunday,3,Large,38.7,Suburban,Sunny,71.03,On-time
337,2025-04-19 09:28:58,Saturday,9,Large,16.08,Urban,Rainy,50.27,On-time
338,2025-05-14 16:36:21,Wednesday,16,Medium,26.42,Suburban,Sunny,64.52,On-time
339,2025-03-03 01:56:30,Monday,1,Small,36.7,Suburban,Sunny,60.54,On-time
340,2025-03-22 10:31:20,Saturday,10,Large,19.85,Rural,Cloudy,53.27,On-time
341,2025-02-21 16:22:31,Friday,16,Special,31.78,Suburban,Windy,73.1,On-time
342,2025-04-22 18:23:08,Tuesday,18,Special,45.74,Suburban,Cloudy,87.57,On-time
343,2025-04-28 20:42:29,Monday,20,Small,6.22,Rural,Windy,35.95,On-time
344,2025-05-02 11:28:26,Friday,11,X-Large,14.39,Industrial,Cloudy,47.25,On-time
345,2025-04-01 09:56:49,Tuesday,9,Large,42.14,Suburban,Rainy,72.66,On-time
346,2025-05-13 05:15:18,Tuesday,5,Large,7.39,Rural,Sunny,39.22,On-time
347,2025-02-26 13:18:42,Wednesday,13,Medium,49.51,Shopping Center,Rainy,95.15,On-time
348,2025-03-27 04:20:53,Thursday,4,Medium,28.67,Shopping Center,Rainy,55.99,On-time
349,2025-02-22 09:23:40,Saturday,9,X-Large,28.89,Urban,Sunny,67.35,On-time
350,2025-04-03 09:19:52,Thursday,9,Medium,23.23,Suburban,Rainy,59.01,On-time
351,2025-04-23 10:06:19,Wednesday,10,Medium,8.96,Shopping Center,Sunny,38.33,On-time
352,2025-02-14 17:02:58,Friday,17,Small,3.0,Urban,Windy,32.85,On-time
353,2025-02-23 04:54:27,Sunday,4,X-Large,22.83,Rural,Sunny,55.99,On-time
354,2025-05-12 19:12:27,Monday,19,Special,6.58,Shopping Center,Cloudy,35.41,On-time
355,2025-03-05 05:41:04,Wednesday,5,X-Large,30.27,Industrial,Foggy,54.3,On-time
356,2025-04-05 20:54:48,Saturday,20,Medium,15.57,Industrial,Sunny,43.26,On-time
357,2025-04-21 04:54:31,Monday,4,Small,46.58,Rural,Rainy,76.33,On-time
358,2025-05-05 05:28:14,Monday,5,X-Large,9.12,Suburban,Cloudy,40.29,On-time
359,2025-05-05 00:19:31,Monday,0,Small,15.44,Urban,Cloudy,45.65,On-time
360,2025-05-14 10:16:24,Wednesday,10,Medium,11.65,Shopping Center,Sunny,39.86,On-time
361,2025-03-19 06:44:00,Wednesday,6,Small,31.44,Rural,Snowy,55.16,On-time
362,2025-03-23 09:45:38,Sunday,9,Large,40.89,Industrial,Sunny,79.68,On-time
363,2025-03-14 04:44:20,Friday,4,Large,16.24,Rural,Snowy,46.49,On-time
364,2025-05-07 08:53:53,Wednesday,8,Medium,23.54,Shopping Center,Cloudy,55.84,On-time
365,2025-02-28 15:50:13,Friday,15,Medium,8.73,Shopping Center,Cloudy,42.4,On-time
366,2025-03-14 07:35:15,Friday,7,Large,35.48,Shopping Center,Snowy,71.66,On-time
367,2025-03-11 14:01:20,Tuesday,14,Large,16.35,Urban,Sunny,46.42,On-time
368,2025-02-28 22:24:31,Friday,22,Medium,25.72,Shopping Center,Snowy,57.64,On-time
369,2025-03-01 13:50:21,Saturday,13,Small,11.35,Urban,Foggy,45.35,On-time
370,2025-02-28 21:00:19,Friday,21,Medium,24.61,Suburban,Sunny,54.45,On-time
371,2025-04-20 21:39:02,Sunday,21,X-Large,18.21,Suburban,Sunny,47.87,On-time
372,2025-04-20 06:11:23,Sunday,6,X-Large,16.36,Rural,Foggy,44.52,On-time
373,2025-02-16 15:32:28,Sunday,15,X-Large,15.76,Shopping Center,Rainy,44.36,On-time
374,2025-05-13 04:08:11,Tuesday,4,Special,11.62,Suburban,Windy,46.57,On-time
375,2025-05-12 14:59:32,Monday,14,Small,7.62,Urban,Cloudy,40.65,On-time
376,2025-02-24 19:47:10,Monday,19,Small,40.93,Urban,Cloudy,70.53,On-time
377,2025-03-24 12:35:57,Monday,12,Large,43.8,Suburban,Windy,82.29,On-time
378,2025-05-03 06:00:42,Saturday,6,Medium,28.99,Suburban,Rainy,60.22,On-time
379,2025-04-27 07:30:44,Sunday,7,Large,33.68,Rural,Sunny,75.88,On-time
380,2025-03-22 13:13:31,Saturday,13,Special,38.77,Suburban,Cloudy,70.73,On-time
381,2025-02-25 13:59:20,Tuesday,13,Medium,44.25,Suburban,Foggy,88.5,On-time
382,2025-05-03 02:08:24,Saturday,2,Small,1.03,Shopping Center,Rainy,31.32,On-time
383,2025-05-12 04:40:12,Monday,4,Medium,13.91,Industrial,Rainy,41.81,On-time
384,2025-03-27 23:44:43,Thursday,23,X-Large,5.32,Industrial,Sunny,37.19,On-time
385,2025-02-28 14:20:35,Friday,14,Medium,43.78,Urban,Cloudy,73.29,On-time
386,2025-03-30 15:07:58,Sunday,15,Medium,11.28,Suburban,Cloudy,42.34,On-time
387,2025-04-02 03:36:28,Wednesday,3,Large,44.64,Shopping Center,Sunny,69.71,On-time
388,2025-05-08 13:52:37,Thursday,13,Medium,5.75,Shopping Center,Rainy,37.45,On-time
389,2025-05-10 04:04:07,Saturday,4,Medium,13.97,Shopping Center,Sunny,48.16,On-time
390,2025-04-21 01:53:57,Monday,1,Medium,17.8,Suburban,Rainy,48.86,On-time
391,2025-03-25 00:22:51,Tuesday,0,Small,25.28,Suburban,Rainy,62.07,On-time
392,2025-04-17 17:12:55,Thursday,17,Large,25.51,Industrial,Sunny,57.65,On-time
393,2025-03-21 07:40:53,Friday,7,Large,38.54,Shopping Center,Cloudy,86.5,On-time
394,2025-05-07 21:26:08,Wednesday,21,Medium,17.13,Suburban,Snowy,55.05,On-time
395,2025-04-25 16:16:44,Friday,16,Special,22.25,Urban,Cloudy,59.1,On-time
396,2025-02-24 22:38:29,Monday,22,Medium,8.94,Rural,Windy,41.42,On-time
397,2025-04-28 19:25:47,Monday,19,Small,26.68,Suburban,Windy,64.9,On-time
398,2025-03-01 18:50:08,Saturday,18,X-Large,33.89,Rural,Sunny,73.57,On-time
399,2025-04-01 19:43:28,Tuesday,19,Small,18.31,Rural,Rainy,55.14,On-time
400,2025-04-13 20:45:50,Sunday,20,Medium,18.3,Suburban,Cloudy,52.47,On-time
401,2025-03-08 07:00:23,Saturday,7,Large,27.08,Urban,Rainy,54.19,On-time
402,2025-03-16 17:16:12,Sunday,17,Small,36.46,Suburban,Cloudy,83.18,Delayed
403,2025-03-10 10:02:31,Monday,10,Small,22.24,Shopping Center,Sunny,56.0,On-time
404,2025-02-19 09:47:38,Wednesday,9,Medium,11.27,Industrial,Rainy,41.28,On-time
405,2025-03-25 12:48:09,Tuesday,12,Small,38.94,Industrial,Sunny,76.85,Delayed
406,2025-02-20 12:01:29,Thursday,12,Large,39.29,Suburban,Rainy,82.95,On-time
407,2025-03-20 05:45:02,Thursday,5,Large,38.41,Urban,Sunny,66.03,On-time
408,2025-03-04 14:15:16,Tuesday,14,Small,3.79,Urban,Snowy,33.04,On-time
409,2025-04-29 10:34:04,Tuesday,10,Small,24.03,Industrial,Sunny,52.51,On-time
410,2025-02-24 06:07:32,Monday,6,Medium,17.6,Suburban,Rainy,50.75,On-time
411,2025-03-20 03:37:09,Thursday,3,Large,1.2,Shopping Center,Sunny,31.22,On-time
412,2025-02-14 23:16:25,Friday,23,Large,30.35,Industrial,Cloudy,69.61,On-time
413,2025-03-19 03:37:56,Wednesday,3,Small,10.76,Industrial,Cloudy,39.2,On-time
414,2025-04-02 15:25:43,Wednesday,15,Large,21.33,Urban,Cloudy,55.6,On-time
415,2025-05-01 17:57:21,Thursday,17,Medium,39.43,Rural,Sunny,73.62,On-time
416,2025-04-12 00:18:29,Saturday,0,X-Large,31.42,Urban,Sunny,64.97,On-time
417,2025-05-02 13:50:57,Friday,13,Small,1.07,Urban,Cloudy,31.33,On-time
418,2025-03-09 10:03:11,Sunday,10,Small,24.68,Urban,Cloudy,62.99,On-time
419,2025-04-10 18:14:13,Thursday,18,Medium,6.94,Shopping Center,Rainy,37.71,On-time
420,2025-04-28 05:12:25,Monday,5,Small,11.55,Shopping Center,Foggy,44.8,On-time
421,2025-02-26 10:31:36,Wednesday,10,Special,30.04,Shopping Center,Rainy,57.84,On-time
422,2025-05-12 19:46:54,Monday,19,Medium,44.79,Rural,Cloudy,91.05,On-time
423,2025-03-27 12:22:45,Thursday,12,Medium,1.17,Shopping Center,Rainy,31.18,On-time
424,2025-04-06 23:03:43,Sunday,23,Small,17.34,Rural,Cloudy,52.91,On-time
425,2025-05-06 22:57:17,Tuesday,22,Large,30.51,Rural,Rainy,67.75,On-time
426,2025-05-14 05:39:59,Wednesday,5,Large,38.61,Urban,Sunny,64.22,On-time
427,2025-03-29 20:42:04,Saturday,20,Large,45.43,Rural,Windy,86.44,On-time
428,2025-03-01 15:02:45,Saturday,15,Small,9.24,Shopping Center,Cloudy,42.08,On-time
429,2025-02-27 17:15:13,Thursday,17,Small,18.42,Urban,Cloudy,56.0,On-time
430,2025-05-13 20:05:14,Tuesday,20,Medium,31.09,Shopping Center,Sunny,76.04,On-time
431,2025-03-05 23:34:06,Wednesday,23,Medium,44.49,Industrial,Sunny,70.91,On-time
432,2025-03-11 08:29:50,Tuesday,8,Medium,2.57,Industrial,Sunny,32.64,On-time
433,2025-02-25 09:13:07,Tuesday,9,Medium,46.11,Suburban,Sunny,89.88,On-time
434,2025-02-21 20:34:20,Friday,20,Special,16.87,Rural,Cloudy,52.14,On-time
435,2025-02-26 15:22:09,Wednesday,15,Special,18.93,Industrial,Rainy,49.62,On-time
436,2025-05-15 11:15:22,Thursday,11,Large,31.92,Suburban,Sunny,63.41,On-time
437,2025-02-16 03:56:29,Sunday,3,Small,28.24,Shopping Center,Foggy,61.9,On-time
438,2025-03-30 17:35:14,Sunday,17,Medium,8.17,Urban,Cloudy,37.09,On-time
439,2025-05-06 00:11:35,Tuesday,0,Small,41.75,Rural,Rainy,91.38,On-time
440,2025-04-03 23:20:00,Thursday,23,X-Large,34.62,Industrial,Sunny,75.15,On-time
441,2025-02-17 02:02:41,Monday,2,Medium,6.3,Suburban,Rainy,36.97,On-time
442,2025-03-05 18:10:16,Wednesday,18,Special,21.91,Rural,Cloudy,57.9,On-time
443,2025-03-14 20:07:49,Friday,20,X-Large,10.92,Suburban,Snowy,41.24,On-time
444,2025-03-26 16:01:55,Wednesday,16,Medium,3.59,Industrial,Cloudy,33.13,On-time
445,2025-02-17 14:09:45,Monday,14,Medium,44.26,Industrial,Rainy,88.69,On-time
446,2025-04-06 05:03:25,Sunday,5,Small,31.46,Urban,Sunny,60.45,On-time
447,2025-04-12 15:56:53,Saturday,15,Medium,15.69,Shopping Center,Cloudy,47.75,On-time
448,2025-04-05 06:06:39,Saturday,6,Medium,3.71,Rural,Sunny,34.74,On-time
449,2025-03-10 10:58:18,Monday,10,Special,37.01,Industrial,Sunny,77.69,On-time
450,2025-04-29 10:14:04,Tuesday,10,X-Large,26.63,Rural,Sunny,56.32,On-time
451,2025-05-11 21:22:37,Sunday,21,X-Large,19.13,Urban,Cloudy,54.58,On-time
452,2025-04-23 11:43:31,Wednesday,11,Small,8.44,Rural,Sunny,38.1,On-time
453,2025-04-07 13:34:34,Monday,13,Medium,25.01,Industrial,Snowy,57.69,On-time
454,2025-03-02 11:29:58,Sunday,11,X-Large,25.65,Urban,Rainy,65.23,On-time
455,2025-04-23 18:25:49,Wednesday,18,Large,42.36,Suburban,Sunny,75.02,On-time
456,2025-03-28 18:55:33,Friday,18,Small,29.37,Industrial,Sunny,67.06,Delayed
457,2025-04-10 01:40:42,Thursday,1,Small,25.76,Rural,Rainy,51.03,On-time
458,2025-05-15 00:05:14,Thursday,0,Small,36.15,Urban,Windy,69.37,On-time
459,2025-02-17 10:51:48,Monday,10,Small,1.04,Suburban,Rainy,30.84,On-time
460,2025-04-06 00:49:13,Sunday,0,Medium,48.38,Suburban,Cloudy,69.39,On-time
461,2025-03-20 06:34:59,Thursday,6,Special,1.99,Suburban,Cloudy,31.97,On-time
462,2025-03-24 14:44:12,Monday,14,Medium,25.73,Urban,Windy,57.68,On-time
463,2025-03-06 14:09:04,Thursday,14,Special,3.69,Suburban,Sunny,33.06,On-time
464,2025-02-17 10:57:30,Monday,10,Large,4.29,Industrial,Rainy,33.53,On-time
465,2025-04-08 17:34:33,Tuesday,17,Medium,13.48,Industrial,Sunny,48.52,On-time
466,2025-04-19 23:54:11,Saturday,23,X-Large,30.72,Suburban,Rainy,64.41,On-time
467,2025-05-13 16:10:25,Tuesday,16,Special,33.45,Suburban,Sunny,73.39,On-time
468,2025-04-06 15:31:14,Sunday,15,Large,27.67,Urban,Rainy,53.99,On-time
469,2025-04-29 01:58:36,Tuesday,1,Medium,6.69,Urban,Rainy,37.0,On-time
470,2025-05-11 23:47:32,Sunday,23,Medium,47.08,Rural,Rainy,95.32,On-time
471,2025-03-23 08:59:02,Sunday,8,Small,28.33,Suburban,Sunny,63.23,Delayed
472,2025-02-14 23:32:49,Friday,23,Medium,1.49,Suburban,Cloudy,31.76,On-time
473,2025-03-18 05:09:31,Tuesday,5,X-Large,16.81,Industrial,Sunny,48.0,On-time
474,2025-04-27 19:49:02,Sunday,19,Small,28.6,Shopping Center,Sunny,71.95,On-time
475,2025-04-20 13:45:22,Sunday,13,Medium,3.5,Industrial,Cloudy,33.93,On-time
476,2025-03-24 01:05:46,Monday,1,Large,11.38,Industrial,Sunny,45.41,On-time
477,2025-04-21 22:23:15,Monday,22,Small,10.93,Rural,Rainy,41.1,On-time
478,2025-03-31 13:36:10,Monday,13,Special,1.13,Shopping Center,Sunny,31.19,On-time
479,2025-04-13 17:43:27,Sunday,17,Medium,17.48,Industrial,Cloudy,51.5,On-time
480,2025-03-08 14:13:40,Saturday,14,Medium,49.42,Urban,Cloudy,80.84,On-time
481,2025-05-06 21:57:37,Tuesday,21,Medium,18.85,Shopping Center,Rainy,47.67,On-time
482,2025-04-24 06:19:08,Thursday,6,Small,43.34,Suburban,Sunny,81.99,Delayed
483,2025-04-16 04:47:05,Wednesday,4,Special,39.93,Industrial,Sunny,84.26,On-time
484,2025-03-15 07:07:07,Saturday,7,Large,39.87,Suburban,Snowy,83.58,On-time
485,2025-02-18 08:38:03,Tuesday,8,Special,6.16,Urban,Cloudy,38.29,On-time
486,2025-03-05 17:02:20,Wednesday,17,Medium,27.86,Rural,Sunny,54.81,On-time
487,2025-02-28 18:39:43,Friday,18,Special,48.04,Urban,Sunny,85.16,On-time
488,2025-03-03 14:05:09,Monday,14,Small,46.69,Industrial,Sunny,75.67,Delayed
489,2025-02-28 12:38:19,Friday,12,Medium,31.63,Urban,Sunny,55.47,On-time
490,2025-05-05 22:09:58,Monday,22,Special,33.42,Suburban,Cloudy,56.93,On-time
491,2025-02-25 10:17:22,Tuesday,10,X-Large,9.73,Shopping Center,Sunny,41.73,On-time
492,2025-04-09 19:06:47,Wednesday,19,Small,9.8,Industrial,Sunny,43.82,Delayed
493,2025-05-05 08:04:30,Monday,8,Medium,33.59,Industrial,Sunny,59.25,On-time
494,2025-04-20 21:35:14,Sunday,21,Special,38.81,Industrial,Sunny,67.23,On-time
495,2025-05-07 04:21:20,Wednesday,4,Large,11.59,Industrial,Cloudy,45.38,On-time
496,2025-03-22 11:31:42,Saturday,11,Medium,29.18,Industrial,Cloudy,67.78,On-time
497,2025-03-09 17:50:30,Sunday,17,Large,47.33,Suburban,Rainy,85.14,On-time
498,2025-03-30 08:38:58,Sunday,8,Medium,24.6,Shopping Center,Rainy,55.28,On-time
499,2025-02-20 09:19:51,Thursday,9,Large,48.98,Suburban,Rainy,89.18,On-time
500,2025-04-03 02:37:15,Thursday,2,Special,20.31,Industrial,Cloudy,59.13,On-time
501,2025-04-05 00:52:51,Saturday,0,Small,16.91,Suburban,Rainy,46.52,On-time
502,2025-03-29 22:11:57,Saturday,22,Small,36.37,Industrial,Windy,75.69,Delayed
503,2025-03-15 11:46:42,Saturday,11,Medium,35.83,Industrial,Sunny,67.32,On-time
504,2025-03-19 02:23:22,Wednesday,2,X-Large,40.88,Urban,Cloudy,69.09,On-time
505,2025-02-14 20:07:28,Friday,20,Large,45.09,Urban,Cloudy,95.93,On-time
506,2025-02-21 06:05:00,Friday,6,Special,48.38,Rural,Sunny,94.97,On-time
507,2025-03-10 16:10:14,Monday,16,Small,13.99,Urban,Cloudy,41.8,On-time
508,2025-04-25 22:45:18,Friday,22,Medium,42.27,Urban,Rainy,89.76,On-time
509,2025-03-01 12:53:36,Saturday,12,Medium,4.45,Industrial,Foggy,35.64,On-time
510,2025-03-11 04:47:54,Tuesday,4,Small,16.67,Suburban,Cloudy,44.43,On-time
511,2025-05-15 08:50:20,Thursday,8,Special,25.52,Industrial,Snowy,62.13,On-time
512,2025-04-23 17:37:09,Wednesday,17,Small,30.11,Industrial,Sunny,65.8,Delayed
513,2025-05-07 11:18:38,Wednesday,11,Small,23.11,Shopping Center,Sunny,53.27,On-time
514,2025-04-16 04:37:27,Wednesday,4,Small,7.22,Shopping Center,Sunny,36.95,On-time
515,2025-03-15 17:10:33,Saturday,17,Medium,35.81,Suburban,Sunny,77.74,On-time
516,2025-03-11 18:26:28,Tuesday,18,Small,39.68,Shopping Center,Rainy,68.16,On-time
517,2025-04-05 14:36:33,Saturday,14,X-Large,33.14,Urban,Rainy,67.46,On-time
518,2025-02-25 06:42:51,Tuesday,6,Small,9.19,Shopping Center,Sunny,38.12,On-time
519,2025-03-22 22:55:03,Saturday,22,Medium,3.69,Industrial,Cloudy,33.93,On-time
520,2025-04-04 22:34:04,Friday,22,Large,39.03,Urban,Cloudy,69.93,On-time
521,2025-03-12 16:21:39,Wednesday,16,X-Large,23.44,Urban,Rainy,52.81,On-time
522,2025-03-05 13:10:40,Wednesday,13,Small,17.05,Shopping Center,Cloudy,51.53,On-time
523,2025-04-10 10:20:47,Thursday,10,Medium,4.52,Rural,Sunny,33.94,On-time
524,2025-04-05 21:27:03,Saturday,21,Special,8.38,Suburban,Sunny,40.97,On-time
525,2025-04-29 22:26:39,Tuesday,22,Medium,32.96,Suburban,Sunny,66.48,On-time
526,2025-04-12 00:33:06,Saturday,0,Small,2.57,Suburban,Sunny,33.61,On-time
527,2025-05-13 09:07:52,Tuesday,9,Medium,8.13,Rural,Windy,40.98,On-time
528,2025-05-04 09:04:30,Sunday,9,Small,9.15,Urban,Sunny,42.81,On-time
529,2025-03-12 05:32:24,Wednesday,5,X-Large,40.18,Shopping Center,Rainy,79.12,On-time
530,2025-03-21 02:23:49,Friday,2,Small,17.67,Industrial,Cloudy,56.05,Delayed
531,2025-02-18 10:25:36,Tuesday,10,Large,49.25,Urban,Rainy,89.04,On-time
532,2025-03-17 03:43:12,Monday,3,X-Large,30.92,Suburban,Sunny,72.89,On-time
533,2025-03-21 14:31:28,Friday,14,Medium,12.0,Urban,Sunny,42.78,On-time
534,2025-03-26 07:05:43,Wednesday,7,Small,32.05,Rural,Cloudy,62.33,On-time
535,2025-04-16 22:06:53,Wednesday,22,Small,2.6,Shopping Center,Rainy,32.75,On-time
536,2025-05-05 17:05:40,Monday,17,Medium,46.93,Shopping Center,Sunny,68.34,On-time
537,2025-04-16 14:53:10,Wednesday,14,X-Large,9.05,Urban,Sunny,37.71,On-time
538,2025-04-04 17:49:15,Friday,17,Small,1.17,Urban,Sunny,31.46,On-time
539,2025-03-13 01:46:55,Thursday,1,Large,20.79,Shopping Center,Sunny,47.93,On-time
540,2025-02-20 09:27:42,Thursday,9,X-Large,24.06,Suburban,Rainy,54.33,On-time
541,2025-03-05 02:56:57,Wednesday,2,Special,18.94,Rural,Foggy,47.92,On-time
542,2025-05-12 21:57:31,Monday,21,Large,24.97,Urban,Cloudy,66.21,On-time
543,2025-04-09 17:52:29,Wednesday,17,Small,13.05,Rural,Snowy,41.17,On-time
544,2025-03-21 11:03:36,Friday,11,Medium,22.32,Industrial,Cloudy,53.91,On-time
545,2025-02-21 03:42:28,Friday,3,Large,3.77,Industrial,Sunny,35.04,On-time
546,2025-03-03 18:42:18,Monday,18,Medium,49.1,Urban,Rainy,88.49,On-time
547,2025-03-08 09:19:27,Saturday,9,Medium,18.75,Suburban,Sunny,55.87,On-time
548,2025-03-13 01:42:01,Thursday,1,Small,49.53,Industrial,Sunny,99.7,Delayed
549,2025-04-06 01:27:22,Sunday,1,Small,28.38,Suburban,Cloudy,63.26,On-time
550,2025-05-02 21:50:41,Friday,21,Small,37.38,Industrial,Sunny,81.4,Delayed
551,2025-03-05 14:39:49,Wednesday,14,Medium,24.51,Industrial,Sunny,57.96,On-time
552,2025-04-07 18:28:14,Monday,18,Medium,49.11,Rural,Sunny,103.04,On-time
553,2025-03-24 21:09:48,Monday,21,Small,40.63,Industrial,Cloudy,68.19,On-time
554,2025-05-14 19:08:21,Wednesday,19,Medium,35.26,Suburban,Cloudy,71.65,On-time
555,2025-02-20 20:05:47,Thursday,20,Medium,29.84,Industrial,Sunny,66.21,On-time
556,2025-04-16 22:05:21,Wednesday,22,Special,35.94,Rural,Rainy,70.66,On-time
557,2025-03-24 13:09:32,Monday,13,Small,31.14,Industrial,Windy,72.08,Delayed
558,2025-04-13 19:19:20,Sunday,19,Medium,26.38,Rural,Cloudy,53.37,On-time
559,2025-04-16 06:47:12,Wednesday,6,Large,45.31,Shopping Center,Sunny,92.14,On-time
560,2025-03-09 05:07:43,Sunday,5,Medium,43.83,Rural,Rainy,85.13,On-time
561,2025-03-22 00:45:56,Saturday,0,Medium,39.63,Urban,Cloudy,74.92,On-time
562,2025-05-14 23:26:49,Wednesday,23,Medium,10.02,Shopping Center,Sunny,42.0,On-time
563,2025-03-21 05:55:40,Friday,5,Medium,38.71,Suburban,Cloudy,62.37,On-time
564,2025-04-04 21:43:36,Friday,21,Medium,20.08,Industrial,Cloudy,55.96,On-time
565,2025-04-20 02:43:20,Sunday,2,Medium,32.5,Shopping Center,Windy,65.94,On-time
566,2025-02-19 16:26:44,Wednesday,16,Small,29.31,Urban,Sunny,70.18,On-time
567,2025-05-06 13:07:29,Tuesday,13,Small,18.35,Urban,Windy,47.45,On-time
568,2025-04-28 04:50:05,Monday,4,Special,47.49,Rural,Foggy,82.02,On-time
569,2025-03-26 16:45:14,Wednesday,16,Medium,43.98,Suburban,Cloudy,83.06,On-time
570,2025-02-25 18:24:12,Tuesday,18,Small,37.02,Suburban,Foggy,82.07,On-time
571,2025-03-18 10:09:13,Tuesday,10,X-Large,44.81,Rural,Sunny,93.77,On-time
572,2025-03-28 18:22:57,Friday,18,Special,40.26,Urban,Sunny,79.01,On-time
573,2025-03-15 08:04:17,Saturday,8,X-Large,13.19,Suburban,Snowy,47.8,On-time
574,2025-04-23 02:53:03,Wednesday,2,Medium,43.92,Urban,Windy,74.94,On-time
575,2025-04-27 19:32:22,Sunday,19,Small,38.82,Suburban,Sunny,73.34,Delayed
576,2025-03-26 09:00:39,Wednesday,9,Medium,22.01,Industrial,Cloudy,55.85,On-time
577,2025-03-17 15:57:12,Monday,15,Small,48.91,Shopping Center,Cloudy,92.41,On-time
578,2025-03-06 20:42:36,Thursday,20,Special,13.71,Industrial,Sunny,41.08,On-time
579,2025-03-05 21:39:47,Wednesday,21,Large,26.6,Industrial,Cloudy,55.27,On-time
580,2025-03-13 08:08:05,Thursday,8,Small,6.34,Suburban,Sunny,36.6,On-time
581,2025-03-03 01:45:56,Monday,1,Small,15.05,Shopping Center,Sunny,43.8,On-time
582,2025-05-11 10:45:10,Sunday,10,Small,11.23,Suburban,Sunny,43.39,On-time
583,2025-04-02 21:24:43,Wednesday,21,Large,39.08,Rural,Sunny,82.84,On-time
584,2025-05-01 19:19:38,Thursday,19,Medium,22.87,Rural,Sunny,57.11,On-time
585,2025-02-26 13:37:30,Wednesday,13,Large,38.86,Urban,Rainy,87.0,On-time
586,2025-03-05 08:26:23,Wednesday,8,Medium,15.51,Industrial,Rainy,45.01,On-time
587,2025-04-06 20:42:53,Sunday,20,Small,14.3,Urban,Sunny,46.85,On-time
588,2025-03-13 18:11:09,Thursday,18,Medium,2.05,Industrial,Rainy,32.28,On-time
589,2025-03-02 14:07:21,Sunday,14,Small,42.13,Urban,Rainy,75.22,On-time
590,2025-02-23 14:21:45,Sunday,14,Special,9.58,Suburban,Rainy,40.97,On-time
591,2025-04-19 08:59:27,Saturday,8,Special,30.86,Industrial,Rainy,55.1,On-time
592,2025-04-07 08:36:39,Monday,8,Large,6.9,Urban,Sunny,39.55,On-time
593,2025-04-28 08:57:03,Monday,8,X-Large,41.95,Shopping Center,Rainy,72.55,On-time
594,2025-05-12 10:18:15,Monday,10,Medium,41.08,Industrial,Cloudy,90.35,Delayed
595,2025-05-12 22:50:55,Monday,22,X-Large,25.72,Suburban,Cloudy,68.13,On-time
596,2025-04-05 10:37:00,Saturday,10,X-Large,19.69,Suburban,Sunny,57.92,On-time
597,2025-02-20 23:49:15,Thursday,23,Medium,6.61,Rural,Rainy,38.75,On-time
598,2025-02-21 21:14:47,Friday,21,Large,25.69,Shopping Center,Cloudy,52.95,On-time
599,2025-04-14 02:05:07,Monday,2,Medium,49.03,Rural,Sunny,94.55,On-time
600,2025-03-09 02:41:50,Sunday,2,Medium,17.18,Shopping Center,Foggy,45.82,On-time
601,2025-03-09 23:14:46,Sunday,23,Large,9.56,Urban,Rainy,43.44,On-time
602,2025-04-06 22:20:01,Sunday,22,Medium,5.41,Suburban,Cloudy,36.24,On-time
603,2025-03-15 06:35:30,Saturday,6,Medium,48.64,Industrial,Snowy,96.71,On-time
604,2025-02-26 06:17:01,Wednesday,6,Large,13.84,Urban,Foggy,45.88,On-time
605,2025-03-10 16:20:29,Monday,16,Medium,21.29,Industrial,Cloudy,49.55,On-time
606,2025-03-14 05:38:31,Friday,5,Large,45.59,Industrial,Snowy,91.08,On-time
607,2025-03-29 02:08:37,Saturday,2,X-Large,8.3,Industrial,Rainy,41.8,On-time
608,2025-04-07 08:54:07,Monday,8,Medium,34.06,Shopping Center,Sunny,61.08,On-time
609,2025-05-09 06:15:24,Friday,6,Small,12.57,Shopping Center,Cloudy,42.79,On-time
610,2025-03-24 12:17:27,Monday,12,Large,8.65,Urban,Windy,37.97,On-time
611,2025-04-01 10:12:06,Tuesday,10,Large,13.13,Industrial,Rainy,45.75,On-time
612,2025-03-26 21:11:43,Wednesday,21,Medium,46.4,Shopping Center,Snowy,81.2,On-time
613,2025-05-15 11:14:10,Thursday,11,Large,2.51,Industrial,Sunny,32.3,On-time
614,2025-05-12 18:39:18,Monday,18,X-Large,10.13,Suburban,Sunny,44.48,On-time
615,2025-04-22 06:39:14,Tuesday,6,X-Large,36.53,Industrial,Cloudy,75.53,On-time
616,2025-03-13 09:24:34,Thursday,9,X-Large,24.33,Suburban,Sunny,66.47,On-time
617,2025-04-15 23:19:50,Tuesday,23,Small,25.74,Shopping Center,Sunny,68.09,On-time
618,2025-02-27 06:28:44,Thursday,6,Medium,4.14,Urban,Cloudy,35.96,On-time
619,2025-04-14 09:48:03,Monday,9,Medium,38.06,Urban,Cloudy,64.32,On-time
620,2025-04-02 12:41:39,Wednesday,12,Medium,6.05,Industrial,Cloudy,38.03,On-time
621,2025-03-28 19:10:00,Friday,19,X-Large,35.38,Shopping Center,Sunny,74.46,On-time
622,2025-04-07 02:37:02,Monday,2,Medium,37.19,Shopping Center,Rainy,75.58,On-time
623,2025-04-22 01:44:01,Tuesday,1,Medium,8.6,Suburban,Cloudy,42.62,On-time
624,2025-04-06 07:29:11,Sunday,7,Large,10.04,Shopping Center,Cloudy,44.81,On-time
625,2025-03-29 23:33:42,Saturday,23,Small,19.0,Urban,Windy,47.36,On-time
626,2025-04-16 20:36:50,Wednesday,20,Small,34.72,Shopping Center,Windy,68.68,On-time
627,2025-04-13 23:22:00,Sunday,23,Large,11.25,Industrial,Cloudy,43.06,On-time
628,2025-02-20 05:19:16,Thursday,5,Medium,30.1,Suburban,Rainy,65.24,On-time
629,2025-03-23 07:31:04,Sunday,7,Medium,22.39,Rural,Rainy,49.32,On-time
630,2025-04-02 02:51:18,Wednesday,2,X-Large,27.04,Industrial,Sunny,51.94,On-time
631,2025-05-08 08:30:48,Thursday,8,Medium,2.95,Urban,Rainy,33.07,On-time
632,2025-04-16 17:07:38,Wednesday,17,Small,40.01,Shopping Center,Sunny,83.89,On-time
633,2025-02-18 15:51:36,Tuesday,15,Special,46.06,Suburban,Cloudy,79.91,On-time
634,2025-04-06 03:08:46,Sunday,3,X-Large,28.94,Shopping Center,Cloudy,64.64,On-time
635,2025-03-24 12:31:22,Monday,12,Small,34.5,Suburban,Windy,63.86,On-time
636,2025-02-15 17:26:00,Saturday,17,Medium,48.17,Urban,Cloudy,78.1,On-time
637,2025-03-28 12:00:35,Friday,12,Medium,34.82,Urban,Foggy,72.84,On-time
638,2025-03-03 17:12:55,Monday,17,Large,43.48,Industrial,Rainy,69.61,On-time
639,2025-05-06 16:05:56,Tuesday,16,Small,15.47,Industrial,Rainy,52.18,On-time
640,2025-05-09 01:26:16,Friday,1,Medium,21.75,Rural,Rainy,60.67,On-time
641,2025-02-22 01:17:45,Saturday,1,Large,15.72,Urban,Sunny,51.11,On-time
642,2025-03-07 12:11:21,Friday,12,X-Large,22.08,Shopping Center,Cloudy,59.27,On-time
643,2025-05-07 07:14:41,Wednesday,7,X-Large,16.81,Suburban,Cloudy,49.8,On-time
644,2025-04-14 19:47:17,Monday,19,Small,22.55,Urban,Windy,55.8,On-time
645,2025-05-04 02:50:51,Sunday,2,X-Large,17.29,Rural,Cloudy,45.49,On-time
646,2025-05-13 18:17:34,Tuesday,18,Small,43.46,Rural,Rainy,65.59,On-time
647,2025-03-13 08:14:30,Thursday,8,Small,28.44,Industrial,Sunny,61.3,Delayed
648,2025-03-22 17:49:14,Saturday,17,Small,19.91,Shopping Center,Cloudy,56.92,On-time
649,2025-02-26 19:31:46,Wednesday,19,Large,49.59,Rural,Cloudy,87.88,On-time
650,2025-03-13 02:00:06,Thursday,2,X-Large,40.36,Shopping Center,Rainy,90.18,On-time
651,2025-04-07 01:05:41,Monday,1,Small,38.73,Shopping Center,Sunny,74.79,On-time
652,2025-04-11 13:33:14,Friday,13,Special,33.91,Urban,Sunny,77.21,On-time
653,2025-02-19 03:57:24,Wednesday,3,Medium,44.25,Suburban,Sunny,66.69,On-time
654,2025-04-15 21:15:18,Tuesday,21,Small,47.38,Industrial,Sunny,73.62,Delayed
655,2025-05-08 21:38:51,Thursday,21,Large,14.29,Rural,Rainy,45.83,On-time
656,2025-05-15 02:58:45,Thursday,2,Medium,22.46,Suburban,Sunny,61.54,On-time
657,2025-03-02 17:14:53,Sunday,17,X-Large,18.3,Suburban,Windy,47.94,On-time
658,2025-05-02 06:32:55,Friday,6,Small,8.62,Suburban,Rainy,37.46,On-time
659,2025-03-13 10:57:41,Thursday,10,X-Large,32.18,Suburban,Sunny,72.87,On-time
660,2025-05-15 01:00:50,Thursday,1,Large,3.9,Shopping Center,Sunny,33.89,On-time
661,2025-03-19 17:13:12,Wednesday,17,Large,42.67,Shopping Center,Windy,87.02,On-time
662,2025-05-12 12:44:29,Monday,12,X-Large,46.35,Suburban,Cloudy,73.27,On-time
663,2025-04-16 10:21:47,Wednesday,10,Small,34.35,Suburban,Foggy,70.43,On-time
664,2025-05-10 06:40:28,Saturday,6,Small,33.83,Rural,Cloudy,63.78,On-time
665,2025-03-05 01:56:34,Wednesday,1,X-Large,34.01,Rural,Foggy,58.72,On-time
666,2025-04-11 00:00:34,Friday,0,Large,29.33,Shopping Center,Windy,69.03,On-time
667,2025-03-24 14:45:25,Monday,14,Large,25.26,Industrial,Windy,52.6,On-time
668,2025-04-08 12:18:53,Tuesday,12,Small,13.77,Rural,Cloudy,45.5,On-time
669,2025-05-14 15:13:53,Wednesday,15,Small,20.98,Rural,Sunny,53.2,On-time
670,2025-03-29 10:28:19,Saturday,10,Medium,46.32,Rural,Cloudy,83.28,On-time
671,2025-03-01 12:46:32,Saturday,12,X-Large,36.23,Rural,Foggy,60.46,On-time
672,2025-03-25 19:10:27,Tuesday,19,Medium,37.33,Suburban,Windy,80.57,On-time
673,2025-04-07 18:11:05,Monday,18,Medium,31.44,Industrial,Sunny,64.69,On-time
674,2025-03-24 19:49:49,Monday,19,Large,28.5,Industrial,Sunny,72.52,On-time
675,2025-03-24 07:15:57,Monday,7,Small,33.74,Rural,Rainy,58.72,On-time
676,2025-03-29 14:16:07,Saturday,14,Large,40.15,Shopping Center,Cloudy,72.71,On-time
677,2025-05-03 05:11:00,Saturday,5,X-Large,22.36,Suburban,Rainy,58.81,On-time
678,2025-04-04 10:44:02,Friday,10,Small,6.31,Shopping Center,Cloudy,37.93,On-time
679,2025-02-16 13:19:14,Sunday,13,Large,24.37,Shopping Center,Cloudy,56.75,On-time
680,2025-03-24 04:52:50,Monday,4,Small,47.9,Suburban,Rainy,101.8,Delayed
681,2025-04-15 04:16:48,Tuesday,4,Medium,18.69,Rural,Snowy,57.86,On-time
682,2025-03-23 00:29:36,Sunday,0,Medium,38.13,Rural,Snowy,66.06,On-time
683,2025-03-18 03:39:13,Tuesday,3,X-Large,14.82,Shopping Center,Windy,47.9,On-time
684,2025-02-25 19:05:45,Tuesday,19,Medium,26.29,Suburban,Foggy,51.6,On-time
685,2025-04-26 16:28:44,Saturday,16,Medium,25.01,Urban,Cloudy,61.06,On-time
686,2025-02-27 10:33:48,Thursday,10,Large,29.82,Industrial,Cloudy,60.13,On-time
687,2025-03-17 03:15:30,Monday,3,Special,30.66,Suburban,Sunny,55.26,On-time
688,2025-04-14 06:18:28,Monday,6,Medium,8.78,Urban,Sunny,40.05,On-time
689,2025-04-23 00:33:25,Wednesday,0,Small,37.18,Industrial,Windy,68.53,On-time
690,2025-03-17 03:15:44,Monday,3,Small,42.32,Industrial,Sunny,65.41,On-time
691,2025-05-02 06:43:35,Friday,6,Medium,39.09,Rural,Rainy,78.95,On-time
692,2025-03-31 20:54:03,Monday,20,Large,35.17,Rural,Cloudy,71.23,On-time
693,2025-05-02 09:19:36,Friday,9,Large,10.5,Shopping Center,Cloudy,40.15,On-time
694,2025-03-02 08:02:49,Sunday,8,Medium,20.12,Industrial,Rainy,50.74,On-time
695,2025-04-10 10:52:16,Thursday,10,Small,32.93,Industrial,Sunny,69.9,Delayed
696,2025-03-31 14:13:34,Monday,14,Small,27.95,Suburban,Sunny,63.87,Delayed
697,2025-05-08 21:47:06,Thursday,21,Small,27.32,Rural,Rainy,60.27,On-time
698,2025-03-29 06:07:42,Saturday,6,Medium,27.0,Suburban,Rainy,55.43,On-time
699,2025-04-14 19:46:58,Monday,19,Small,33.39,Rural,Windy,59.1,On-time
700,2025-05-06 10:52:27,Tuesday,10,X-Large,8.82,Suburban,Sunny,42.77,On-time
701,2025-04-27 13:51:30,Sunday,13,Special,43.53,Rural,Rainy,93.91,On-time
702,2025-03-29 03:38:32,Saturday,3,Small,7.72,Urban,Rainy,40.35,On-time
703,2025-03-02 23:15:09,Sunday,23,Small,2.16,Industrial,Rainy,31.97,On-time
704,2025-04-10 20:54:56,Thursday,20,Small,7.45,Urban,Rainy,40.16,On-time
705,2025-02-24 20:46:23,Monday,20,Small,27.86,Industrial,Cloudy,60.64,Delayed
706,2025-03-02 23:39:52,Sunday,23,Small,36.85,Industrial,Rainy,65.4,On-time
707,2025-04-26 02:14:57,Saturday,2,X-Large,45.18,Shopping Center,Rainy,78.72,On-time
708,2025-03-05 12:43:34,Wednesday,12,Large,39.18,Shopping Center,Cloudy,87.21,On-time
709,2025-05-01 15:03:38,Thursday,15,Medium,47.43,Industrial,Sunny,87.87,On-time
710,2025-04-30 21:25:30,Wednesday,21,Medium,42.22,Urban,Cloudy,77.95,On-time
711,2025-04-08 16:48:47,Tuesday,16,Small,44.43,Industrial,Rainy,74.11,On-time
712,2025-02-27 02:52:48,Thursday,2,X-Large,23.1,Shopping Center,Windy,52.26,On-time
713,2025-02-17 09:24:43,Monday,9,Small,11.26,Industrial,Rainy,41.17,On-time
714,2025-02-19 11:00:07,Wednesday,11,Medium,27.49,Suburban,Rainy,64.08,On-time
715,2025-03-07 22:14:52,Friday,22,Special,2.08,Suburban,Sunny,32.98,On-time
716,2025-04-07 00:52:14,Monday,0,Large,29.78,Industrial,Sunny,58.13,On-time
717,2025-04-20 00:14:29,Sunday,0,Small,22.23,Rural,Windy,61.31,On-time
718,2025-03-27 04:50:42,Thursday,4,Large,20.15,Suburban,Rainy,52.31,On-time
719,2025-02-24 06:31:47,Monday,6,Large,6.41,Rural,Rainy,39.18,On-time
720,2025-02-14 15:55:48,Friday,15,Small,4.77,Suburban,Windy,34.32,On-time
721,2025-03-13 13:12:32,Thursday,13,Medium,38.7,Urban,Cloudy,68.73,On-time
722,2025-05-08 16:16:33,Thursday,16,Medium,44.42,Industrial,Sunny,95.44,Delayed
723,2025-02-22 15:46:33,Saturday,15,X-Large,30.82,Rural,Rainy,56.88,On-time
724,2025-02-28 16:37:42,Friday,16,Medium,33.45,Urban,Sunny,71.24,On-time
725,2025-04-01 20:56:27,Tuesday,20,Medium,36.74,Suburban,Rainy,63.7,On-time
726,2025-03-05 15:33:16,Wednesday,15,Special,49.13,Suburban,Sunny,83.0,On-time
727,2025-03-16 14:01:40,Sunday,14,X-Large,3.44,Rural,Snowy,34.74,On-time
728,2025-03-05 04:09:21,Wednesday,4,Small,7.76,Shopping Center,Foggy,36.59,On-time
729,2025-05-13 19:31:35,Tuesday,19,Large,49.1,Industrial,Rainy,79.41,On-time
730,2025-03-28 20:55:24,Friday,20,Special,38.03,Shopping Center,Sunny,64.97,On-time
731,2025-03-21 18:44:51,Friday,18,Small,20.23,Urban,Cloudy,51.4,On-time
732,2025-05-04 09:56:14,Sunday,9,Large,37.28,Shopping Center,Sunny,76.17,On-time
733,2025-05-12 17:56:57,Monday,17,X-Large,22.71,Industrial,Cloudy,57.61,On-time
734,2025-05-08 14:05:45,Thursday,14,Large,26.95,Urban,Rainy,70.07,On-time
735,2025-03-05 12:04:45,Wednesday,12,X-Large,2.97,Suburban,Cloudy,34.14,On-time
736,2025-04-03 11:03:28,Thursday,11,X-Large,35.01,Rural,Rainy,75.88,On-time
737,2025-04-15 06:09:47,Tuesday,6,Small,44.81,Suburban,Sunny,68.06,On-time
738,2025-03-16 14:29:19,Sunday,14,Small,11.05,Shopping Center,Snowy,39.62,On-time
739,2025-03-19 17:38:23,Wednesday,17,Small,48.81,Rural,Windy,81.74,On-time
740,2025-03-31 01:23:11,Monday,1,Large,12.7,Shopping Center,Rainy,46.02,On-time
741,2025-05-02 23:29:51,Friday,23,Small,14.81,Shopping Center,Sunny,46.74,On-time
742,2025-05-13 13:31:38,Tuesday,13,Small,49.17,Suburban,Sunny,100.08,Delayed
743,2025-04-12 03:56:54,Saturday,3,Medium,2.44,Urban,Cloudy,33.55,On-time
744,2025-04-21 12:36:01,Monday,12,Small,33.64,Industrial,Foggy,75.23,On-time
745,2025-04-13 01:23:10,Sunday,1,Large,13.08,Suburban,Windy,48.3,On-time
746,2025-05-06 07:52:23,Tuesday,7,Small,36.09,Rural,Cloudy,63.24,On-time
747,2025-05-09 12:47:14,Friday,12,Special,11.23,Urban,Cloudy,44.45,On-time
748,2025-03-01 13:18:53,Saturday,13,Medium,32.8,Industrial,Foggy,79.2,On-time
749,2025-04-04 15:19:24,Friday,15,Special,31.37,Urban,Windy,72.86,On-time
750,2025-02-23 14:26:09,Sunday,14,Medium,34.41,Shopping Center,Rainy,58.94,On-time
751,2025-05-10 06:02:46,Saturday,6,Large,36.96,Suburban,Cloudy,73.66,On-time
752,2025-04-05 03:10:39,Saturday,3,Special,9.13,Urban,Rainy,41.51,On-time
753,2025-03-02 11:58:43,Sunday,11,Small,47.84,Industrial,Rainy,95.36,Delayed
754,2025-03-05 04:57:40,Wednesday,4,Medium,49.84,Shopping Center,Foggy,74.3,On-time
755,2025-02-19 21:59:29,Wednesday,21,Small,33.2,Suburban,Cloudy,60.82,On-time
756,2025-04-27 18:16:43,Sunday,18,Small,21.52,Suburban,Sunny,49.72,On-time
757,2025-03-28 18:36:06,Friday,18,Medium,44.37,Urban,Sunny,95.8,On-time
758,2025-02-25 11:41:50,Tuesday,11,Medium,45.9,Rural,Sunny,85.53,On-time
759,2025-02-19 00:36:01,Wednesday,0,X-Large,8.46,Industrial,Sunny,38.85,On-time
760,2025-04-26 23:55:50,Saturday,23,Medium,36.27,Urban,Sunny,75.35,On-time
761,2025-03-30 02:59:04,Sunday,2,X-Large,31.96,Suburban,Cloudy,71.35,On-time
762,2025-02-22 09:28:11,Saturday,9,Medium,28.38,Suburban,Sunny,69.71,On-time
763,2025-04-30 10:16:37,Wednesday,10,Medium,26.31,Industrial,Cloudy,60.97,On-time
764,2025-03-26 23:02:37,Wednesday,23,Large,42.64,Industrial,Sunny,92.59,On-time
765,2025-02-23 16:02:42,Sunday,16,Special,28.45,Rural,Rainy,61.51,On-time
766,2025-03-02 13:59:27,Sunday,13,Special,7.84,Urban,Rainy,40.59,On-time
767,2025-04-07 01:05:21,Monday,1,Large,47.69,Rural,Sunny,89.98,On-time
768,2025-03-26 21:15:47,Wednesday,21,Medium,16.3,Shopping Center,Snowy,48.3,On-time
769,2025-02-24 00:30:53,Monday,0,X-Large,42.1,Suburban,Cloudy,82.56,On-time
770,2025-03-23 23:02:20,Sunday,23,Small,6.65,Industrial,Sunny,38.33,Delayed
771,2025-04-19 08:38:00,Saturday,8,Large,27.45,Suburban,Rainy,69.3,On-time
772,2025-02-17 16:47:33,Monday,16,Special,7.99,Industrial,Rainy,39.57,On-time
773,2025-05-04 17:17:47,Sunday,17,Small,38.5,Urban,Snowy,73.04,On-time
774,2025-04-18 09:39:39,Friday,9,Medium,29.98,Rural,Sunny,54.5,On-time
775,2025-04-01 19:36:18,Tuesday,19,Special,31.07,Industrial,Rainy,55.63,On-time
776,2025-03-08 11:17:56,Saturday,11,Small,1.65,Urban,Sunny,31.73,On-time
777,2025-03-19 17:32:34,Wednesday,17,Medium,23.31,Industrial,Windy,54.97,On-time
778,2025-05-03 22:38:31,Saturday,22,Small,41.63,Rural,Cloudy,86.79,On-time
779,2025-04-01 01:23:58,Tuesday,1,Small,17.63,Urban,Cloudy,46.36,On-time
780,2025-03-27 03:00:28,Thursday,3,Large,47.86,Industrial,Windy,90.14,On-time
781,2025-03-14 16:37:46,Friday,16,X-Large,45.87,Urban,Rainy,86.33,On-time
782,2025-04-21 19:24:30,Monday,19,Large,9.95,Industrial,Rainy,41.41,On-time
783,2025-04-19 07:38:34,Saturday,7,Small,15.94,Urban,Rainy,48.2,On-time
784,2025-03-18 13:06:25,Tuesday,13,Small,8.59,Suburban,Sunny,37.06,On-time
785,2025-05-09 18:27:06,Friday,18,Large,7.45,Urban,Sunny,37.74,On-time
786,2025-04-10 14:58:21,Thursday,14,Small,15.54,Rural,Sunny,45.34,On-time
787,2025-05-03 10:02:26,Saturday,10,Small,39.93,Industrial,Rainy,82.88,Delayed
788,2025-03-09 17:25:41,Sunday,17,Small,20.42,Shopping Center,Rainy,59.37,On-time
789,2025-03-02 17:43:31,Sunday,17,Small,21.79,Industrial,Windy,60.99,Delayed
790,2025-04-17 08:22:30,Thursday,8,Large,35.95,Rural,Rainy,65.35,On-time
791,2025-04-29 00:13:18,Tuesday,0,X-Large,13.43,Shopping Center,Rainy,47.88,On-time
792,2025-02-17 14:26:38,Monday,14,Small,39.66,Shopping Center,Rainy,76.38,On-time
793,2025-04-21 09:13:59,Monday,9,Small,9.35,Suburban,Cloudy,37.87,On-time
794,2025-03-23 17:51:14,Sunday,17,Small,19.83,Rural,Rainy,55.49,On-time
795,2025-03-20 01:44:42,Thursday,1,X-Large,40.44,Shopping Center,Sunny,80.42,On-time
796,2025-04-17 07:40:47,Thursday,7,Medium,29.23,Urban,Rainy,69.75,On-time
797,2025-04-19 23:27:08,Saturday,23,Medium,3.42,Industrial,Rainy,34.44,On-time
798,2025-02-17 05:08:22,Monday,5,Large,36.7,Industrial,Sunny,64.96,On-time
799,2025-02-20 13:51:16,Thursday,13,Medium,16.23,Shopping Center,Rainy,53.32,On-time
800,2025-04-26 12:18:07,Saturday,12,Medium,37.89,Rural,Sunny,60.84,On-time
801,2025-02-16 20:55:22,Sunday,20,Large,42.03,Industrial,Sunny,64.87,On-time
802,2025-02-27 09:06:03,Thursday,9,Small,1.86,Industrial,Cloudy,31.6,On-time
803,2025-03-01 13:42:46,Saturday,13,Small,18.8,Shopping Center,Foggy,56.15,On-time
804,2025-03-19 05:53:26,Wednesday,5,X-Large,11.84,Shopping Center,Foggy,47.11,On-time
805,2025-05-07 21:54:44,Wednesday,21,Small,14.42,Urban,Snowy,48.01,On-time
806,2025-04-08 14:38:14,Tuesday,14,Medium,9.04,Shopping Center,Rainy,37.63,On-time
807,2025-03-28 09:40:17,Friday,9,Medium,25.72,Rural,Rainy,59.55,On-time
808,2025-05-11 16:49:56,Sunday,16,Small,42.38,Urban,Snowy,91.4,On-time
809,2025-05-11 15:35:20,Sunday,15,X-Large,23.68,Suburban,Sunny,63.56,On-time
810,2025-02-24 04:39:42,Monday,4,Medium,17.99,Shopping Center,Rainy,48.53,On-time
811,2025-02-27 08:49:11,Thursday,8,X-Large,4.33,Rural,Cloudy,34.68,On-time
812,2025-04-05 08:40:39,Saturday,8,Medium,4.39,Urban,Sunny,33.99,On-time
813,2025-03-20 00:53:20,Thursday,0,Special,21.42,Industrial,Sunny,50.26,On-time
814,2025-02-16 12:32:29,Sunday,12,X-Large,23.35,Shopping Center,Windy,58.85,On-time
815,2025-03-09 13:40:19,Sunday,13,Special,5.64,Urban,Windy,35.91,On-time
816,2025-03-09 23:02:17,Sunday,23,Special,4.92,Shopping Center,Rainy,36.29,On-time
817,2025-04-18 09:04:30,Friday,9,Medium,23.32,Industrial,Sunny,48.71,On-time
818,2025-04-18 14:39:27,Friday,14,X-Large,3.13,Rural,Sunny,34.37,On-time
819,2025-04-11 09:30:51,Friday,9,Large,37.73,Suburban,Sunny,60.62,On-time
820,2025-03-26 15:01:35,Wednesday,15,X-Large,44.38,Shopping Center,Cloudy,74.43,On-time
821,2025-05-14 19:04:12,Wednesday,19,Small,48.97,Industrial,Cloudy,102.41,Delayed
822,2025-04-04 10:14:53,Friday,10,Medium,43.0,Suburban,Cloudy,84.32,On-time
823,2025-04-27 18:43:35,Sunday,18,Small,26.83,Shopping Center,Sunny,63.04,On-time
824,2025-03-28 13:04:33,Friday,13,Special,26.42,Shopping Center,Windy,58.89,On-time
825,2025-04-19 22:18:38,Saturday,22,Medium,25.18,Suburban,Rainy,50.59,On-time
826,2025-02-26 01:44:30,Wednesday,1,Large,41.37,Rural,Foggy,84.12,On-time
827,2025-03-23 01:42:37,Sunday,1,Large,19.7,Suburban,Snowy,52.95,On-time
828,2025-03-02 16:36:14,Sunday,16,Special,44.99,Urban,Windy,88.38,On-time
829,2025-05-09 08:48:25,Friday,8,Small,41.42,Urban,Snowy,72.96,On-time
830,2025-02-22 00:10:14,Saturday,0,Small,45.27,Industrial,Cloudy,74.49,On-time
831,2025-03-03 18:07:21,Monday,18,Medium,31.09,Urban,Rainy,57.9,On-time
832,2025-03-08 06:40:11,Saturday,6,Small,42.72,Industrial,Rainy,75.62,On-time
833,2025-03-30 10:44:53,Sunday,10,Large,19.43,Industrial,Sunny,50.01,On-time
834,2025-03-20 18:14:40,Thursday,18,Small,8.73,Industrial,Sunny,42.04,Delayed
835,2025-03-26 11:33:14,Wednesday,11,Special,16.13,Suburban,Rainy,50.34,On-time
836,2025-03-25 05:51:31,Tuesday,5,Medium,1.98,Shopping Center,Windy,32.71,On-time
837,2025-04-23 19:07:05,Wednesday,19,Special,5.4,Industrial,Sunny,37.19,On-time
838,2025-05-11 01:36:22,Sunday,1,X-Large,46.28,Urban,Cloudy,74.57,On-time
839,2025-04-04 17:21:02,Friday,17,Large,38.04,Urban,Sunny,82.45,On-time
840,2025-03-03 00:03:24,Monday,0,X-Large,15.35,Industrial,Sunny,51.69,On-time
841,2025-02-14 17:08:26,Friday,17,Large,1.49,Shopping Center,Windy,31.69,On-time
842,2025-05-10 02:09:27,Saturday,2,Medium,2.77,Rural,Sunny,33.34,On-time
843,2025-02-22 04:21:30,Saturday,4,X-Large,22.62,Industrial,Sunny,59.57,On-time
844,2025-05-12 08:22:41,Monday,8,X-Large,18.93,Rural,Rainy,55.11,On-time
845,2025-03-12 14:57:39,Wednesday,14,Small,33.21,Rural,Cloudy,75.61,On-time
846,2025-04-16 05:13:09,Wednesday,5,X-Large,19.4,Rural,Sunny,52.23,On-time
847,2025-03-22 06:56:35,Saturday,6,Small,48.18,Urban,Rainy,99.75,On-time
848,2025-02-20 10:37:27,Thursday,10,Medium,43.44,Industrial,Rainy,75.95,On-time
849,2025-03-19 19:54:19,Wednesday,19,Medium,40.08,Industrial,Windy,84.32,On-time
850,2025-04-24 08:16:03,Thursday,8,Small,48.0,Urban,Windy,101.73,On-time
851,2025-04-19 04:53:52,Saturday,4,Large,36.02,Urban,Rainy,71.72,On-time
852,2025-03-14 10:54:24,Friday,10,Medium,40.26,Rural,Rainy,81.34,On-time
853,2025-03-15 01:37:50,Saturday,1,Small,36.99,Suburban,Rainy,59.99,On-time
854,2025-02-14 17:56:59,Friday,17,Small,4.47,Rural,Windy,35.18,On-time
855,2025-04-23 18:05:41,Wednesday,18,Large,1.38,Urban,Sunny,31.79,On-time
856,2025-03-16 23:17:17,Sunday,23,Medium,48.4,Suburban,Cloudy,95.37,On-time
857,2025-03-10 02:10:37,Monday,2,Special,20.01,Shopping Center,Cloudy,55.36,On-time
858,2025-03-19 11:38:05,Wednesday,11,Medium,25.26,Suburban,Windy,55.34,On-time
859,2025-04-14 06:27:56,Monday,6,Small,41.01,Shopping Center,Sunny,64.52,On-time
860,2025-05-07 14:38:53,Wednesday,14,Medium,49.78,Industrial,Sunny,99.87,Delayed
861,2025-05-13 05:36:18,Tuesday,5,Large,38.31,Suburban,Sunny,65.58,On-time
862,2025-05-10 21:03:08,Saturday,21,Medium,18.5,Urban,Sunny,50.5,On-time
863,2025-03-13 13:28:00,Thursday,13,Special,7.44,Shopping Center,Cloudy,40.49,On-time
864,2025-03-19 01:34:06,Wednesday,1,Special,5.49,Suburban,Cloudy,35.26,On-time
865,2025-04-09 22:39:54,Wednesday,22,Small,18.82,Urban,Windy,47.69,On-time
866,2025-03-16 10:40:41,Sunday,10,Large,9.48,Rural,Snowy,40.43,On-time
867,2025-04-16 22:44:07,Wednesday,22,Large,29.65,Industrial,Rainy,72.07,On-time
868,2025-03-16 17:57:02,Sunday,17,X-Large,19.11,Suburban,Cloudy,53.48,On-time
869,2025-04-11 22:00:17,Friday,22,Small,24.01,Industrial,Rainy,65.4,Delayed
870,2025-05-07 12:46:42,Wednesday,12,Medium,9.37,Suburban,Sunny,38.77,On-time
871,2025-03-18 02:02:13,Tuesday,2,Medium,25.42,Rural,Windy,65.79,On-time
872,2025-03-22 08:40:43,Saturday,8,Medium,47.78,Rural,Rainy,76.16,On-time
873,2025-03-05 06:07:30,Wednesday,6,Large,32.22,Shopping Center,Foggy,70.04,On-time
874,2025-03-23 06:30:52,Sunday,6,Medium,40.41,Urban,Rainy,78.4,On-time
875,2025-05-11 09:28:54,Sunday,9,Special,21.17,Rural,Sunny,54.35,On-time
876,2025-03-14 22:20:17,Friday,22,Small,14.36,Urban,Cloudy,45.42,On-time
877,2025-04-07 08:02:07,Monday,8,Special,19.39,Shopping Center,Sunny,56.51,On-time
878,2025-04-03 01:27:33,Thursday,1,Small,10.2,Suburban,Cloudy,39.63,On-time
879,2025-05-11 00:46:56,Sunday,0,Medium,29.7,Industrial,Cloudy,66.02,On-time
880,2025-02-14 19:16:32,Friday,19,Small,37.91,Rural,Cloudy,83.68,On-time
881,2025-05-05 07:21:39,Monday,7,Large,13.48,Urban,Rainy,46.0,On-time
882,2025-03-22 15:25:35,Saturday,15,Medium,30.0,Shopping Center,Cloudy,59.28,On-time
883,2025-03-27 06:45:03,Thursday,6,Medium,28.63,Rural,Rainy,69.16,On-time
884,2025-02-23 07:52:10,Sunday,7,Small,17.74,Suburban,Rainy,49.76,On-time
885,2025-04-28 12:38:00,Monday,12,Medium,18.79,Rural,Sunny,46.92,On-time
886,2025-05-06 01:20:27,Tuesday,1,Medium,17.04,Suburban,Cloudy,47.24,On-time
887,2025-05-11 18:36:02,Sunday,18,Small,22.26,Rural,Sunny,55.03,On-time
888,2025-04-11 05:52:45,Friday,5,Small,18.25,Rural,Sunny,55.69,On-time
889,2025-03-13 15:40:56,Thursday,15,Large,39.27,Shopping Center,Rainy,82.49,On-time
890,2025-05-10 09:46:56,Saturday,9,Large,8.55,Shopping Center,Sunny,39.92,On-time
891,2025-03-08 09:26:35,Saturday,9,X-Large,49.6,Rural,Sunny,77.59,On-time
892,2025-04-12 17:33:38,Saturday,17,Special,3.27,Shopping Center,Windy,33.24,On-time
893,2025-03-07 17:07:45,Friday,17,Medium,30.36,Shopping Center,Cloudy,69.24,On-time
894,2025-04-12 20:24:09,Saturday,20,Medium,43.1,Suburban,Sunny,68.71,On-time
895,2025-02-27 05:49:56,Thursday,5,Medium,40.82,Industrial,Cloudy,64.97,On-time
896,2025-02-20 17:54:38,Thursday,17,Large,47.27,Shopping Center,Rainy,84.91,On-time
897,2025-03-01 15:55:50,Saturday,15,X-Large,48.58,Urban,Cloudy,69.5,On-time
898,2025-02-26 05:24:06,Wednesday,5,Small,19.91,Rural,Foggy,56.17,On-time
899,2025-04-12 14:35:55,Saturday,14,Small,23.86,Shopping Center,Sunny,64.22,On-time
900,2025-03-24 22:55:56,Monday,22,Medium,30.95,Shopping Center,Sunny,55.42,On-time
901,2025-05-11 20:05:06,Sunday,20,Medium,3.7,Industrial,Cloudy,34.45,On-time
902,2025-04-16 20:08:37,Wednesday,20,X-Large,40.18,Industrial,Windy,67.47,On-time
903,2025-03-22 14:11:05,Saturday,14,Small,20.56,Urban,Cloudy,60.15,On-time
904,2025-03-06 11:54:28,Thursday,11,Medium,30.45,Shopping Center,Sunny,69.99,On-time
905,2025-02-27 21:40:42,Thursday,21,Medium,10.92,Rural,Rainy,45.2,On-time
906,2025-05-03 18:39:36,Saturday,18,Large,40.27,Urban,Sunny,82.19,On-time
907,2025-02-28 07:45:09,Friday,7,Medium,5.37,Urban,Cloudy,36.9,On-time
908,2025-04-13 01:30:44,Sunday,1,Small,46.22,Suburban,Windy,89.05,Delayed
909,2025-03-25 15:46:31,Tuesday,15,Large,3.64,Industrial,Windy,33.51,On-time
910,2025-02-19 12:17:37,Wednesday,12,Medium,39.7,Industrial,Sunny,79.69,On-time
911,2025-02-15 02:09:05,Saturday,2,Medium,7.53,Shopping Center,Rainy,37.93,On-time
912,2025-05-10 02:28:29,Saturday,2,Special,28.57,Shopping Center,Sunny,54.7,On-time
913,2025-03-25 01:42:26,Tuesday,1,Small,25.39,Urban,Sunny,54.53,On-time
914,2025-05-07 11:17:48,Wednesday,11,Large,34.72,Suburban,Sunny,68.06,On-time
915,2025-03-04 16:05:59,Tuesday,16,Special,44.9,Suburban,Snowy,93.56,On-time
916,2025-02-25 06:35:46,Tuesday,6,Medium,4.26,Urban,Sunny,33.81,On-time
917,2025-03-12 09:34:21,Wednesday,9,Small,1.34,Suburban,Cloudy,32.01,On-time
918,2025-04-26 11:42:22,Saturday,11,Small,30.18,Rural,Sunny,64.86,On-time
919,2025-03-12 10:11:46,Wednesday,10,X-Large,5.74,Industrial,Cloudy,36.58,On-time
920,2025-03-08 07:05:27,Saturday,7,Small,8.64,Suburban,Rainy,41.51,On-time
921,2025-03-18 02:15:13,Tuesday,2,X-Large,2.99,Industrial,Windy,34.38,On-time
922,2025-04-17 22:16:39,Thursday,22,Special,48.31,Suburban,Cloudy,76.99,On-time
923,2025-04-08 23:00:44,Tuesday,23,Small,2.16,Urban,Cloudy,32.95,On-time
924,2025-05-06 08:27:29,Tuesday,8,Medium,3.87,Industrial,Cloudy,34.95,On-time
925,2025-03-13 13:43:12,Thursday,13,X-Large,32.84,Urban,Cloudy,74.81,On-time
926,2025-04-01 18:01:47,Tuesday,18,Medium,22.49,Suburban,Rainy,52.95,On-time
927,2025-04-04 14:36:43,Friday,14,Large,20.72,Suburban,Cloudy,52.26,On-time
928,2025-03-17 06:55:21,Monday,6,Small,43.39,Industrial,Cloudy,90.76,Delayed
929,2025-05-05 05:00:53,Monday,5,X-Large,20.41,Urban,Cloudy,47.55,On-time
930,2025-04-17 01:09:52,Thursday,1,Medium,28.39,Urban,Sunny,59.39,On-time
931,2025-04-15 21:48:33,Tuesday,21,Small,31.03,Urban,Sunny,74.17,On-time
932,2025-02-26 00:40:14,Wednesday,0,Special,16.97,Industrial,Foggy,52.43,On-time
933,2025-03-14 23:50:01,Friday,23,Medium,9.9,Shopping Center,Cloudy,40.56,On-time
934,2025-03-05 01:24:40,Wednesday,1,Large,17.43,Urban,Foggy,51.33,On-time
935,2025-04-29 01:54:56,Tuesday,1,Medium,47.07,Suburban,Rainy,88.8,On-time
936,2025-04-15 15:40:00,Tuesday,15,Large,30.83,Rural,Sunny,60.09,On-time
937,2025-05-01 17:06:22,Thursday,17,Large,48.94,Shopping Center,Sunny,71.74,On-time
938,2025-05-09 21:57:36,Friday,21,Large,4.46,Industrial,Sunny,36.42,On-time
939,2025-04-16 16:45:26,Wednesday,16,Medium,49.08,Rural,Sunny,96.33,On-time
940,2025-05-13 10:58:31,Tuesday,10,Small,46.03,Shopping Center,Windy,76.17,On-time
941,2025-04-02 05:59:38,Wednesday,5,Medium,41.63,Rural,Sunny,74.88,On-time
942,2025-05-10 23:02:08,Saturday,23,Small,10.85,Industrial,Sunny,45.23,Delayed
943,2025-03-15 02:11:28,Saturday,2,Small,18.2,Rural,Rainy,56.68,On-time
944,2025-04-21 07:52:03,Monday,7,Large,21.62,Urban,Cloudy,55.0,On-time
945,2025-03-09 09:09:03,Sunday,9,Special,4.26,Suburban,Cloudy,33.43,On-time
946,2025-04-06 22:55:07,Sunday,22,Small,37.23,Suburban,Cloudy,60.69,On-time
947,2025-04-26 06:40:14,Saturday,6,Special,49.65,Urban,Windy,103.33,On-time
948,2025-05-10 06:24:14,Saturday,6,Small,18.14,Shopping Center,Cloudy,45.34,On-time
949,2025-04-23 19:54:02,Wednesday,19,Special,16.58,Urban,Sunny,45.38,On-time
950,2025-02-25 15:50:37,Tuesday,15,Small,22.25,Urban,Foggy,47.99,On-time
951,2025-03-05 12:22:11,Wednesday,12,Medium,41.74,Industrial,Cloudy,63.52,On-time
952,2025-03-26 13:18:22,Wednesday,13,Small,16.84,Suburban,Cloudy,53.46,On-time
953,2025-05-08 03:12:01,Thursday,3,Medium,42.14,Rural,Snowy,65.4,On-time
954,2025-03-05 19:20:29,Wednesday,19,Small,27.46,Suburban,Cloudy,65.28,On-time
955,2025-05-05 01:22:19,Monday,1,X-Large,12.53,Suburban,Cloudy,45.6,On-time
956,2025-02-15 12:21:09,Saturday,12,Small,18.73,Shopping Center,Rainy,48.08,On-time
957,2025-04-07 00:17:20,Monday,0,X-Large,10.06,Suburban,Sunny,40.11,On-time
958,2025-03-03 15:24:15,Monday,15,X-Large,25.06,Industrial,Sunny,52.37,On-time
959,2025-04-26 15:07:41,Saturday,15,Large,40.7,Shopping Center,Cloudy,67.94,On-time
960,2025-03-13 16:07:34,Thursday,16,Large,16.88,Suburban,Rainy,52.97,On-time
961,2025-03-28 17:35:20,Friday,17,Medium,16.33,Shopping Center,Windy,53.5,On-time
962,2025-04-01 01:42:24,Tuesday,1,Medium,21.7,Urban,Cloudy,58.02,On-time
963,2025-03-10 04:21:06,Monday,4,Small,10.74,Industrial,Windy,44.83,On-time
964,2025-03-25 08:21:03,Tuesday,8,Medium,15.65,Suburban,Sunny,44.93,On-time
965,2025-04-08 18:10:33,Tuesday,18,X-Large,24.89,Shopping Center,Sunny,63.49,On-time
966,2025-04-30 03:11:22,Wednesday,3,Medium,19.44,Shopping Center,Sunny,54.97,On-time
967,2025-05-14 12:47:16,Wednesday,12,Special,34.42,Urban,Sunny,74.96,On-time
968,2025-04-20 05:18:16,Sunday,5,X-Large,30.65,Rural,Foggy,63.79,On-time
969,2025-03-08 11:27:42,Saturday,11,Small,13.73,Urban,Sunny,46.85,On-time
970,2025-04-10 04:36:43,Thursday,4,Medium,38.06,Urban,Rainy,68.53,On-time
971,2025-03-10 17:22:43,Monday,17,Special,29.47,Rural,Cloudy,68.75,On-time
972,2025-04-11 00:00:00,Friday,0,X-Large,13.07,Shopping Center,Windy,42.27,On-time
973,2025-04-05 12:07:06,Saturday,12,X-Large,37.14,Suburban,Rainy,63.52,On-time
974,2025-02-22 23:28:44,Saturday,23,Small,16.82,Rural,Windy,45.14,On-time
975,2025-04-11 17:35:01,Friday,17,Small,9.86,Industrial,Sunny,39.01,On-time
976,2025-04-09 22:04:12,Wednesday,22,X-Large,20.58,Industrial,Windy,47.91,On-time
977,2025-05-05 09:50:54,Monday,9,Small,19.41,Suburban,Cloudy,57.41,Delayed
978,2025-05-09 23:27:43,Friday,23,Medium,1.11,Urban,Windy,31.64,On-time
979,2025-05-06 23:25:16,Tuesday,23,X-Large,39.24,Urban,Rainy,80.66,On-time
980,2025-03-25 04:24:18,Tuesday,4,Special,36.66,Suburban,Sunny,62.81,On-time
981,2025-03-26 03:51:10,Wednesday,3,Medium,47.57,Rural,Snowy,82.49,On-time
982,2025-05-04 17:11:18,Sunday,17,Special,45.9,Urban,Snowy,93.18,On-time
983,2025-04-11 17:53:27,Friday,17,Large,38.01,Urban,Sunny,70.6,On-time
984,2025-05-01 14:37:21,Thursday,14,X-Large,16.98,Industrial,Sunny,49.56,On-time
985,2025-05-08 04:17:46,Thursday,4,X-Large,25.03,Industrial,Sunny,55.19,On-time
986,2025-04-23 03:19:28,Wednesday,3,Medium,14.83,Rural,Windy,43.39,On-time
987,2025-03-17 20:06:49,Monday,20,Medium,30.97,Industrial,Foggy,68.85,On-time
988,2025-03-17 06:59:35,Monday,6,Medium,42.13,Rural,Cloudy,75.34,On-time
989,2025-04-04 08:58:29,Friday,8,Large,9.88,Urban,Windy,43.4,On-time
990,2025-03-12 05:28:09,Wednesday,5,Medium,11.0,Rural,Rainy,42.73,On-time
991,2025-03-07 17:05:07,Friday,17,Large,25.74,Industrial,Cloudy,56.08,On-time
992,2025-02-15 14:11:16,Saturday,14,Large,2.27,Rural,Rainy,31.96,On-time
993,2025-02-19 16:14:48,Wednesday,16,Special,38.3,Shopping Center,Sunny,67.89,On-time
994,2025-02-21 04:40:01,Friday,4,Special,38.64,Urban,Sunny,67.64,On-time
995,2025-02-28 00:43:13,Friday,0,Special,13.47,Urban,Cloudy,46.19,On-time
996,2025-03-16 12:19:53,Sunday,12,Medium,21.11,Urban,Snowy,54.31,On-time
997,2025-02-17 23:11:14,Monday,23,Small,46.59,Suburban,Sunny,98.54,Delayed
998,2025-05-01 21:13:36,Thursday,21,Medium,49.44,Urban,Windy,73.98,On-time
999,2025-02-17 06:09:19,Monday,6,Special,7.61,Urban,Sunny,39.4,On-time
1000,2025-03-14 11:49:33,Friday,11,Large,42.34,Shopping Center,Cloudy,67.74,On-time
